L1_Category_name,L1_Category_id,L2_Category_name,L2_Category_id,L3_Category_name,L3_Category_id,L4_Category_name,L4_Category_id,L5_Category_name,L5_Category_id
Arts & Entertainment,4d4b7104d754a06370d81259,Arts & Entertainment,4d4b7104d754a06370d81259,,,,,,
Arts & Entertainment,4d4b7104d754a06370d81259,Amphitheater,56aa371be4b08b9a8d5734db,,,,,,
Arts & Entertainment,4d4b7104d754a06370d81259,Aquarium,4fceea171983d5d06c3e9823,,,,,,
Arts & Entertainment,4d4b7104d754a06370d81259,Arcade,4bf58dd8d48988d1e1931735,,,,,,
Arts & Entertainment,4d4b7104d754a06370d81259,Art Gallery,4bf58dd8d48988d1e2931735,,,,,,
Arts & Entertainment,4d4b7104d754a06370d81259,Bowling Alley,4bf58dd8d48988d1e4931735,,,,,,
Arts & Entertainment,4d4b7104d754a06370d81259,Casino,4bf58dd8d48988d17c941735,,,,,,
Arts & Entertainment,4d4b7104d754a06370d81259,Circus,52e81612bcbc57f1066b79e7,,,,,,
Arts & Entertainment,4d4b7104d754a06370d81259,Comedy Club,4bf58dd8d48988d18e941735,,,,,,
Arts & Entertainment,4d4b7104d754a06370d81259,Concert Hall,5032792091d4c4b30a586d5c,,,,,,
Arts & Entertainment,4d4b7104d754a06370d81259,Country Dance Club,52e81612bcbc57f1066b79ef,,,,,,
Arts & Entertainment,4d4b7104d754a06370d81259,Disc Golf,52e81612bcbc57f1066b79e8,,,,,,
Arts & Entertainment,4d4b7104d754a06370d81259,Exhibit,56aa371be4b08b9a8d573532,,,,,,
Arts & Entertainment,4d4b7104d754a06370d81259,General Entertainment,4bf58dd8d48988d1f1931735,,,,,,
Arts & Entertainment,4d4b7104d754a06370d81259,Go Kart Track,52e81612bcbc57f1066b79ea,,,,,,
Arts & Entertainment,4d4b7104d754a06370d81259,Historic Site,4deefb944765f83613cdba6e,,,,,,
Arts & Entertainment,4d4b7104d754a06370d81259,Karaoke Box,5744ccdfe4b0c0459246b4bb,,,,,,
Arts & Entertainment,4d4b7104d754a06370d81259,Laser Tag,52e81612bcbc57f1066b79e6,,,,,,
Arts & Entertainment,4d4b7104d754a06370d81259,Memorial Site,5642206c498e4bfca532186c,,,,,,
Arts & Entertainment,4d4b7104d754a06370d81259,Mini Golf,52e81612bcbc57f1066b79eb,,,,,,
Arts & Entertainment,4d4b7104d754a06370d81259,Movie Theater,4bf58dd8d48988d17f941735,Drive-in Theater,56aa371be4b08b9a8d5734de,,,,
Arts & Entertainment,4d4b7104d754a06370d81259,Movie Theater,4bf58dd8d48988d17f941735,Indie Movie Theater,4bf58dd8d48988d17e941735,,,,
Arts & Entertainment,4d4b7104d754a06370d81259,Movie Theater,4bf58dd8d48988d17f941735,Multiplex,4bf58dd8d48988d180941735,,,,
Arts & Entertainment,4d4b7104d754a06370d81259,Museum,4bf58dd8d48988d181941735,Art Museum,4bf58dd8d48988d18f941735,,,,
Arts & Entertainment,4d4b7104d754a06370d81259,Museum,4bf58dd8d48988d181941735,Erotic Museum,559acbe0498e472f1a53fa23,,,,
Arts & Entertainment,4d4b7104d754a06370d81259,Museum,4bf58dd8d48988d181941735,History Museum,4bf58dd8d48988d190941735,,,,
Arts & Entertainment,4d4b7104d754a06370d81259,Museum,4bf58dd8d48988d181941735,Planetarium,4bf58dd8d48988d192941735,,,,
Arts & Entertainment,4d4b7104d754a06370d81259,Museum,4bf58dd8d48988d181941735,Science Museum,4bf58dd8d48988d191941735,,,,
Arts & Entertainment,4d4b7104d754a06370d81259,Music Venue,4bf58dd8d48988d1e5931735,Jazz Club,4bf58dd8d48988d1e7931735,,,,
Arts & Entertainment,4d4b7104d754a06370d81259,Music Venue,4bf58dd8d48988d1e5931735,Piano Bar,4bf58dd8d48988d1e8931735,,,,
Arts & Entertainment,4d4b7104d754a06370d81259,Music Venue,4bf58dd8d48988d1e5931735,Rock Club,4bf58dd8d48988d1e9931735,,,,
Arts & Entertainment,4d4b7104d754a06370d81259,Pachinko Parlor,5744ccdfe4b0c0459246b4b8,,,,,,
Arts & Entertainment,4d4b7104d754a06370d81259,Performing Arts Venue,4bf58dd8d48988d1f2931735,Dance Studio,4bf58dd8d48988d134941735,,,,
Arts & Entertainment,4d4b7104d754a06370d81259,Performing Arts Venue,4bf58dd8d48988d1f2931735,Indie Theater,4bf58dd8d48988d135941735,,,,
Arts & Entertainment,4d4b7104d754a06370d81259,Performing Arts Venue,4bf58dd8d48988d1f2931735,Opera House,4bf58dd8d48988d136941735,,,,
Arts & Entertainment,4d4b7104d754a06370d81259,Performing Arts Venue,4bf58dd8d48988d1f2931735,Theater,4bf58dd8d48988d137941735,,,,
Arts & Entertainment,4d4b7104d754a06370d81259,Pool Hall,4bf58dd8d48988d1e3931735,,,,,,
Arts & Entertainment,4d4b7104d754a06370d81259,Public Art,507c8c4091d498d9fc8c67a9,Outdoor Sculpture,52e81612bcbc57f1066b79ed,,,,
Arts & Entertainment,4d4b7104d754a06370d81259,Public Art,507c8c4091d498d9fc8c67a9,Street Art,52e81612bcbc57f1066b79ee,,,,
Arts & Entertainment,4d4b7104d754a06370d81259,Racecourse,56aa371be4b08b9a8d573514,,,,,,
Arts & Entertainment,4d4b7104d754a06370d81259,Racetrack,4bf58dd8d48988d1f4931735,,,,,,
Arts & Entertainment,4d4b7104d754a06370d81259,Roller Rink,52e81612bcbc57f1066b79e9,,,,,,
Arts & Entertainment,4d4b7104d754a06370d81259,Salsa Club,52e81612bcbc57f1066b79ec,,,,,,
Arts & Entertainment,4d4b7104d754a06370d81259,Samba School,56aa371be4b08b9a8d5734f9,,,,,,
Arts & Entertainment,4d4b7104d754a06370d81259,Stadium,4bf58dd8d48988d184941735,Baseball Stadium,4bf58dd8d48988d18c941735,,,,
Arts & Entertainment,4d4b7104d754a06370d81259,Stadium,4bf58dd8d48988d184941735,Basketball Stadium,4bf58dd8d48988d18b941735,,,,
Arts & Entertainment,4d4b7104d754a06370d81259,Stadium,4bf58dd8d48988d184941735,Cricket Ground,4bf58dd8d48988d18a941735,,,,
Arts & Entertainment,4d4b7104d754a06370d81259,Stadium,4bf58dd8d48988d184941735,Football Stadium,4bf58dd8d48988d189941735,,,,
Arts & Entertainment,4d4b7104d754a06370d81259,Stadium,4bf58dd8d48988d184941735,Hockey Arena,4bf58dd8d48988d185941735,,,,
Arts & Entertainment,4d4b7104d754a06370d81259,Stadium,4bf58dd8d48988d184941735,Rugby Stadium,56aa371be4b08b9a8d573556,,,,
Arts & Entertainment,4d4b7104d754a06370d81259,Stadium,4bf58dd8d48988d184941735,Soccer Stadium,4bf58dd8d48988d188941735,,,,
Arts & Entertainment,4d4b7104d754a06370d81259,Stadium,4bf58dd8d48988d184941735,Tennis Stadium,4e39a891bd410d7aed40cbc2,,,,
Arts & Entertainment,4d4b7104d754a06370d81259,Stadium,4bf58dd8d48988d184941735,Track Stadium,4bf58dd8d48988d187941735,,,,
Arts & Entertainment,4d4b7104d754a06370d81259,Theme Park,4bf58dd8d48988d182941735,Theme Park Ride / Attraction,5109983191d435c0d71c2bb1,,,,
Arts & Entertainment,4d4b7104d754a06370d81259,Tour Provider,56aa371be4b08b9a8d573520,,,,,,
Arts & Entertainment,4d4b7104d754a06370d81259,Water Park,4bf58dd8d48988d193941735,,,,,,
Arts & Entertainment,4d4b7104d754a06370d81259,Zoo,4bf58dd8d48988d17b941735,Zoo Exhibit,58daa1558bbb0b01f18ec1fd,,,,
College & University,4d4b7105d754a06372d81259,College & University,4d4b7105d754a06372d81259,,,,,,
College & University,4d4b7105d754a06372d81259,College Academic Building,4bf58dd8d48988d198941735,College Arts Building,4bf58dd8d48988d199941735,,,,
College & University,4d4b7105d754a06372d81259,College Academic Building,4bf58dd8d48988d198941735,College Communications Building,4bf58dd8d48988d19a941735,,,,
College & University,4d4b7105d754a06372d81259,College Academic Building,4bf58dd8d48988d198941735,College Engineering Building,4bf58dd8d48988d19e941735,,,,
College & University,4d4b7105d754a06372d81259,College Academic Building,4bf58dd8d48988d198941735,College History Building,4bf58dd8d48988d19d941735,,,,
College & University,4d4b7105d754a06372d81259,College Academic Building,4bf58dd8d48988d198941735,College Math Building,4bf58dd8d48988d19c941735,,,,
College & University,4d4b7105d754a06372d81259,College Academic Building,4bf58dd8d48988d198941735,College Science Building,4bf58dd8d48988d19b941735,,,,
College & University,4d4b7105d754a06372d81259,College Academic Building,4bf58dd8d48988d198941735,College Technology Building,4bf58dd8d48988d19f941735,,,,
College & University,4d4b7105d754a06372d81259,College Administrative Building,4bf58dd8d48988d197941735,,,,,,
College & University,4d4b7105d754a06372d81259,College Auditorium,4bf58dd8d48988d1af941735,,,,,,
College & University,4d4b7105d754a06372d81259,College Bookstore,4bf58dd8d48988d1b1941735,,,,,,
College & University,4d4b7105d754a06372d81259,College Cafeteria,4bf58dd8d48988d1a1941735,,,,,,
College & University,4d4b7105d754a06372d81259,College Classroom,4bf58dd8d48988d1a0941735,,,,,,
College & University,4d4b7105d754a06372d81259,College Gym,4bf58dd8d48988d1b2941735,,,,,,
College & University,4d4b7105d754a06372d81259,College Lab,4bf58dd8d48988d1a5941735,,,,,,
College & University,4d4b7105d754a06372d81259,College Library,4bf58dd8d48988d1a7941735,,,,,,
College & University,4d4b7105d754a06372d81259,College Quad,4bf58dd8d48988d1aa941735,,,,,,
College & University,4d4b7105d754a06372d81259,College Rec Center,4bf58dd8d48988d1a9941735,,,,,,
College & University,4d4b7105d754a06372d81259,College Residence Hall,4bf58dd8d48988d1a3941735,,,,,,
College & University,4d4b7105d754a06372d81259,College Stadium,4bf58dd8d48988d1b4941735,College Baseball Diamond,4bf58dd8d48988d1bb941735,,,,
College & University,4d4b7105d754a06372d81259,College Stadium,4bf58dd8d48988d1b4941735,College Basketball Court,4bf58dd8d48988d1ba941735,,,,
College & University,4d4b7105d754a06372d81259,College Stadium,4bf58dd8d48988d1b4941735,College Cricket Pitch,4bf58dd8d48988d1b9941735,,,,
College & University,4d4b7105d754a06372d81259,College Stadium,4bf58dd8d48988d1b4941735,College Football Field,4bf58dd8d48988d1b8941735,,,,
College & University,4d4b7105d754a06372d81259,College Stadium,4bf58dd8d48988d1b4941735,College Hockey Rink,4bf58dd8d48988d1b5941735,,,,
College & University,4d4b7105d754a06372d81259,College Stadium,4bf58dd8d48988d1b4941735,College Soccer Field,4bf58dd8d48988d1b7941735,,,,
College & University,4d4b7105d754a06372d81259,College Stadium,4bf58dd8d48988d1b4941735,College Tennis Court,4e39a9cebd410d7aed40cbc4,,,,
College & University,4d4b7105d754a06372d81259,College Stadium,4bf58dd8d48988d1b4941735,College Track,4bf58dd8d48988d1b6941735,,,,
College & University,4d4b7105d754a06372d81259,College Theater,4bf58dd8d48988d1ac941735,,,,,,
College & University,4d4b7105d754a06372d81259,Community College,4bf58dd8d48988d1a2941735,,,,,,
College & University,4d4b7105d754a06372d81259,Fraternity House,4bf58dd8d48988d1b0941735,,,,,,
College & University,4d4b7105d754a06372d81259,General College & University,4bf58dd8d48988d1a8941735,,,,,,
College & University,4d4b7105d754a06372d81259,Law School,4bf58dd8d48988d1a6941735,,,,,,
College & University,4d4b7105d754a06372d81259,Medical School,4bf58dd8d48988d1b3941735,,,,,,
College & University,4d4b7105d754a06372d81259,Sorority House,4bf58dd8d48988d141941735,,,,,,
College & University,4d4b7105d754a06372d81259,Student Center,4bf58dd8d48988d1ab941735,,,,,,
College & University,4d4b7105d754a06372d81259,Trade School,4bf58dd8d48988d1ad941735,,,,,,
College & University,4d4b7105d754a06372d81259,University,4bf58dd8d48988d1ae941735,,,,,,
Event,4d4b7105d754a06373d81259,Event,4d4b7105d754a06373d81259,,,,,,
Event,4d4b7105d754a06373d81259,Christmas Market,52f2ab2ebcbc57f1066b8b3b,,,,,,
Event,4d4b7105d754a06373d81259,Conference,5267e4d9e4b0ec79466e48c6,,,,,,
Event,4d4b7105d754a06373d81259,Convention,5267e4d9e4b0ec79466e48c9,,,,,,
Event,4d4b7105d754a06373d81259,Festival,5267e4d9e4b0ec79466e48c7,,,,,,
Event,4d4b7105d754a06373d81259,Line / Queue,58daa1558bbb0b01f18ec1fa,,,,,,
Event,4d4b7105d754a06373d81259,Music Festival,5267e4d9e4b0ec79466e48d1,,,,,,
Event,4d4b7105d754a06373d81259,Other Event,5267e4d9e4b0ec79466e48c8,,,,,,
Event,4d4b7105d754a06373d81259,Parade,52741d85e4b0d5d1e3c6a6d9,,,,,,
Event,4d4b7105d754a06373d81259,Sporting Event,5bae9231bedf3950379f89c5,,,,,,
Event,4d4b7105d754a06373d81259,Stoop Sale,52f2ab2ebcbc57f1066b8b54,,,,,,
Event,4d4b7105d754a06373d81259,Street Fair,5267e4d8e4b0ec79466e48c5,,,,,,
Event,4d4b7105d754a06373d81259,Trade Fair,5bae9231bedf3950379f89c3,,,,,,
Food,4d4b7105d754a06374d81259,Food,4d4b7105d754a06374d81259,,,,,,
Food,4d4b7105d754a06374d81259,Afghan Restaurant,503288ae91d4c4b30a586d67,,,,,,
Food,4d4b7105d754a06374d81259,African Restaurant,4bf58dd8d48988d1c8941735,Ethiopian Restaurant,4bf58dd8d48988d10a941735,,,,
Food,4d4b7105d754a06374d81259,American Restaurant,4bf58dd8d48988d14e941735,New American Restaurant,4bf58dd8d48988d157941735,,,,
Food,4d4b7105d754a06374d81259,American Restaurant,4bf58dd8d48988d14e941735,Frozen Yogurt,,,,,
Food,4d4b7105d754a06374d81259,Asian Restaurant,4bf58dd8d48988d142941735,Burmese Restaurant,56aa371be4b08b9a8d573568,,,,
Food,4d4b7105d754a06374d81259,Asian Restaurant,4bf58dd8d48988d142941735,Cambodian Restaurant,52e81612bcbc57f1066b7a03,,,,
Food,4d4b7105d754a06374d81259,Asian Restaurant,4bf58dd8d48988d142941735,Chinese Restaurant,4bf58dd8d48988d145941735,Anhui Restaurant,52af3a5e3cf9994f4e043bea,,
Food,4d4b7105d754a06374d81259,Asian Restaurant,4bf58dd8d48988d142941735,Chinese Restaurant,4bf58dd8d48988d145941735,Beijing Restaurant,52af3a723cf9994f4e043bec,,
Food,4d4b7105d754a06374d81259,Asian Restaurant,4bf58dd8d48988d142941735,Chinese Restaurant,4bf58dd8d48988d145941735,Cantonese Restaurant,52af3a7c3cf9994f4e043bed,,
Food,4d4b7105d754a06374d81259,Asian Restaurant,4bf58dd8d48988d142941735,Chinese Restaurant,4bf58dd8d48988d145941735,Cha Chaan Teng,58daa1558bbb0b01f18ec1d3,,
Food,4d4b7105d754a06374d81259,Asian Restaurant,4bf58dd8d48988d142941735,Chinese Restaurant,4bf58dd8d48988d145941735,Chinese Aristocrat Restaurant,52af3a673cf9994f4e043beb,,
Food,4d4b7105d754a06374d81259,Asian Restaurant,4bf58dd8d48988d142941735,Chinese Restaurant,4bf58dd8d48988d145941735,Chinese Breakfast Place,52af3a903cf9994f4e043bee,,
Food,4d4b7105d754a06374d81259,Asian Restaurant,4bf58dd8d48988d142941735,Chinese Restaurant,4bf58dd8d48988d145941735,Dim Sum Restaurant,4bf58dd8d48988d1f5931735,,
Food,4d4b7105d754a06374d81259,Asian Restaurant,4bf58dd8d48988d142941735,Chinese Restaurant,4bf58dd8d48988d145941735,Dongbei Restaurant,52af3a9f3cf9994f4e043bef,,
Food,4d4b7105d754a06374d81259,Asian Restaurant,4bf58dd8d48988d142941735,Chinese Restaurant,4bf58dd8d48988d145941735,Fujian Restaurant,52af3aaa3cf9994f4e043bf0,,
Food,4d4b7105d754a06374d81259,Asian Restaurant,4bf58dd8d48988d142941735,Chinese Restaurant,4bf58dd8d48988d145941735,Guizhou Restaurant,52af3ab53cf9994f4e043bf1,,
Food,4d4b7105d754a06374d81259,Asian Restaurant,4bf58dd8d48988d142941735,Chinese Restaurant,4bf58dd8d48988d145941735,Hainan Restaurant,52af3abe3cf9994f4e043bf2,,
Food,4d4b7105d754a06374d81259,Asian Restaurant,4bf58dd8d48988d142941735,Chinese Restaurant,4bf58dd8d48988d145941735,Hakka Restaurant,52af3ac83cf9994f4e043bf3,,
Food,4d4b7105d754a06374d81259,Asian Restaurant,4bf58dd8d48988d142941735,Chinese Restaurant,4bf58dd8d48988d145941735,Henan Restaurant,52af3ad23cf9994f4e043bf4,,
Food,4d4b7105d754a06374d81259,Asian Restaurant,4bf58dd8d48988d142941735,Chinese Restaurant,4bf58dd8d48988d145941735,Hong Kong Restaurant,52af3add3cf9994f4e043bf5,,
Food,4d4b7105d754a06374d81259,Asian Restaurant,4bf58dd8d48988d142941735,Chinese Restaurant,4bf58dd8d48988d145941735,Huaiyang Restaurant,52af3af23cf9994f4e043bf7,,
Food,4d4b7105d754a06374d81259,Asian Restaurant,4bf58dd8d48988d142941735,Chinese Restaurant,4bf58dd8d48988d145941735,Hubei Restaurant,52af3ae63cf9994f4e043bf6,,
Food,4d4b7105d754a06374d81259,Asian Restaurant,4bf58dd8d48988d142941735,Chinese Restaurant,4bf58dd8d48988d145941735,Hunan Restaurant,52af3afc3cf9994f4e043bf8,,
Food,4d4b7105d754a06374d81259,Asian Restaurant,4bf58dd8d48988d142941735,Chinese Restaurant,4bf58dd8d48988d145941735,Imperial Restaurant,52af3b053cf9994f4e043bf9,,
Food,4d4b7105d754a06374d81259,Asian Restaurant,4bf58dd8d48988d142941735,Chinese Restaurant,4bf58dd8d48988d145941735,Jiangsu Restaurant,52af3b213cf9994f4e043bfa,,
Food,4d4b7105d754a06374d81259,Asian Restaurant,4bf58dd8d48988d142941735,Chinese Restaurant,4bf58dd8d48988d145941735,Jiangxi Restaurant,52af3b293cf9994f4e043bfb,,
Food,4d4b7105d754a06374d81259,Asian Restaurant,4bf58dd8d48988d142941735,Chinese Restaurant,4bf58dd8d48988d145941735,Macanese Restaurant,52af3b343cf9994f4e043bfc,,
Food,4d4b7105d754a06374d81259,Asian Restaurant,4bf58dd8d48988d142941735,Chinese Restaurant,4bf58dd8d48988d145941735,Manchu Restaurant,52af3b3b3cf9994f4e043bfd,,
Food,4d4b7105d754a06374d81259,Asian Restaurant,4bf58dd8d48988d142941735,Chinese Restaurant,4bf58dd8d48988d145941735,Peking Duck Restaurant,52af3b463cf9994f4e043bfe,,
Food,4d4b7105d754a06374d81259,Asian Restaurant,4bf58dd8d48988d142941735,Chinese Restaurant,4bf58dd8d48988d145941735,Shaanxi Restaurant,52af3b633cf9994f4e043c01,,
Food,4d4b7105d754a06374d81259,Asian Restaurant,4bf58dd8d48988d142941735,Chinese Restaurant,4bf58dd8d48988d145941735,Shandong Restaurant,52af3b513cf9994f4e043bff,,
Food,4d4b7105d754a06374d81259,Asian Restaurant,4bf58dd8d48988d142941735,Chinese Restaurant,4bf58dd8d48988d145941735,Shanghai Restaurant,52af3b593cf9994f4e043c00,,
Food,4d4b7105d754a06374d81259,Asian Restaurant,4bf58dd8d48988d142941735,Chinese Restaurant,4bf58dd8d48988d145941735,Shanxi Restaurant,52af3b6e3cf9994f4e043c02,,
Food,4d4b7105d754a06374d81259,Asian Restaurant,4bf58dd8d48988d142941735,Chinese Restaurant,4bf58dd8d48988d145941735,Szechuan Restaurant,52af3b773cf9994f4e043c03,,
Food,4d4b7105d754a06374d81259,Asian Restaurant,4bf58dd8d48988d142941735,Chinese Restaurant,4bf58dd8d48988d145941735,Taiwanese Restaurant,52af3b813cf9994f4e043c04,,
Food,4d4b7105d754a06374d81259,Asian Restaurant,4bf58dd8d48988d142941735,Chinese Restaurant,4bf58dd8d48988d145941735,Tianjin Restaurant,52af3b893cf9994f4e043c05,,
Food,4d4b7105d754a06374d81259,Asian Restaurant,4bf58dd8d48988d142941735,Chinese Restaurant,4bf58dd8d48988d145941735,Xinjiang Restaurant,52af3b913cf9994f4e043c06,,
Food,4d4b7105d754a06374d81259,Asian Restaurant,4bf58dd8d48988d142941735,Chinese Restaurant,4bf58dd8d48988d145941735,Yunnan Restaurant,52af3b9a3cf9994f4e043c07,,
Food,4d4b7105d754a06374d81259,Asian Restaurant,4bf58dd8d48988d142941735,Chinese Restaurant,4bf58dd8d48988d145941735,Zhejiang Restaurant,52af3ba23cf9994f4e043c08,,
Food,4d4b7105d754a06374d81259,Asian Restaurant,4bf58dd8d48988d142941735,Filipino Restaurant,4eb1bd1c3b7b55596b4a748f,,,,
Food,4d4b7105d754a06374d81259,Asian Restaurant,4bf58dd8d48988d142941735,Himalayan Restaurant,52e81612bcbc57f1066b79fb,,,,
Food,4d4b7105d754a06374d81259,Asian Restaurant,4bf58dd8d48988d142941735,Hotpot Restaurant,52af0bd33cf9994f4e043bdd,,,,
Food,4d4b7105d754a06374d81259,Asian Restaurant,4bf58dd8d48988d142941735,Indonesian Restaurant,4deefc054765f83613cdba6f,Acehnese Restaurant,52960eda3cf9994f4e043ac9,,
Food,4d4b7105d754a06374d81259,Asian Restaurant,4bf58dd8d48988d142941735,Indonesian Restaurant,4deefc054765f83613cdba6f,Balinese Restaurant,52960eda3cf9994f4e043acb,,
Food,4d4b7105d754a06374d81259,Asian Restaurant,4bf58dd8d48988d142941735,Indonesian Restaurant,4deefc054765f83613cdba6f,Betawinese Restaurant,52960eda3cf9994f4e043aca,,
Food,4d4b7105d754a06374d81259,Asian Restaurant,4bf58dd8d48988d142941735,Indonesian Restaurant,4deefc054765f83613cdba6f,Indonesian Meatball Place,52960eda3cf9994f4e043acc,,
Food,4d4b7105d754a06374d81259,Asian Restaurant,4bf58dd8d48988d142941735,Indonesian Restaurant,4deefc054765f83613cdba6f,Javanese Restaurant,52960eda3cf9994f4e043ac7,,
Food,4d4b7105d754a06374d81259,Asian Restaurant,4bf58dd8d48988d142941735,Indonesian Restaurant,4deefc054765f83613cdba6f,Manadonese Restaurant,52960eda3cf9994f4e043ac8,,
Food,4d4b7105d754a06374d81259,Asian Restaurant,4bf58dd8d48988d142941735,Indonesian Restaurant,4deefc054765f83613cdba6f,Padangnese Restaurant,52960eda3cf9994f4e043ac5,,
Food,4d4b7105d754a06374d81259,Asian Restaurant,4bf58dd8d48988d142941735,Indonesian Restaurant,4deefc054765f83613cdba6f,Sundanese Restaurant,52960eda3cf9994f4e043ac6,,
Food,4d4b7105d754a06374d81259,Asian Restaurant,4bf58dd8d48988d142941735,Japanese Restaurant,4bf58dd8d48988d111941735,,,,
Food,4d4b7105d754a06374d81259,Asian Restaurant,4bf58dd8d48988d142941735,Donburi Restaurant,55a59bace4b013909087cb0c,,,,
Food,4d4b7105d754a06374d81259,Asian Restaurant,4bf58dd8d48988d142941735,Japanese Curry Restaurant,55a59bace4b013909087cb30,,,,
Food,4d4b7105d754a06374d81259,Asian Restaurant,4bf58dd8d48988d142941735,Kaiseki Restaurant,55a59bace4b013909087cb21,,,,
Food,4d4b7105d754a06374d81259,Asian Restaurant,4bf58dd8d48988d142941735,Kushikatsu Restaurant,55a59bace4b013909087cb06,,,,
Food,4d4b7105d754a06374d81259,Asian Restaurant,4bf58dd8d48988d142941735,Monjayaki Restaurant,55a59bace4b013909087cb1b,,,,
Food,4d4b7105d754a06374d81259,Asian Restaurant,4bf58dd8d48988d142941735,Nabe Restaurant,55a59bace4b013909087cb1e,,,,
Food,4d4b7105d754a06374d81259,Asian Restaurant,4bf58dd8d48988d142941735,Okonomiyaki Restaurant,55a59bace4b013909087cb18,,,,
Food,4d4b7105d754a06374d81259,Asian Restaurant,4bf58dd8d48988d142941735,Ramen Restaurant,55a59bace4b013909087cb24,,,,
Food,4d4b7105d754a06374d81259,Asian Restaurant,4bf58dd8d48988d142941735,Shabu-Shabu Restaurant,55a59bace4b013909087cb15,,,,
Food,4d4b7105d754a06374d81259,Asian Restaurant,4bf58dd8d48988d142941735,Soba Restaurant,55a59bace4b013909087cb27,,,,
Food,4d4b7105d754a06374d81259,Asian Restaurant,4bf58dd8d48988d142941735,Sukiyaki Restaurant,55a59bace4b013909087cb12,,,,
Food,4d4b7105d754a06374d81259,Asian Restaurant,4bf58dd8d48988d142941735,Sushi Restaurant,4bf58dd8d48988d1d2941735,,,,
Food,4d4b7105d754a06374d81259,Asian Restaurant,4bf58dd8d48988d142941735,Takoyaki Place,55a59bace4b013909087cb2d,,,,
Food,4d4b7105d754a06374d81259,Asian Restaurant,4bf58dd8d48988d142941735,Tempura Restaurant,55a59a31e4b013909087cb00,,,,
Food,4d4b7105d754a06374d81259,Asian Restaurant,4bf58dd8d48988d142941735,Tonkatsu Restaurant,55a59af1e4b013909087cb03,,,,
Food,4d4b7105d754a06374d81259,Asian Restaurant,4bf58dd8d48988d142941735,Udon Restaurant,55a59bace4b013909087cb2a,,,,
Food,4d4b7105d754a06374d81259,Asian Restaurant,4bf58dd8d48988d142941735,Unagi Restaurant,55a59bace4b013909087cb0f,,,,
Food,4d4b7105d754a06374d81259,Asian Restaurant,4bf58dd8d48988d142941735,Wagashi Place,55a59bace4b013909087cb33,,,,
Food,4d4b7105d754a06374d81259,Asian Restaurant,4bf58dd8d48988d142941735,Yakitori Restaurant,55a59bace4b013909087cb09,,,,
Food,4d4b7105d754a06374d81259,Asian Restaurant,4bf58dd8d48988d142941735,Yoshoku Restaurant,55a59bace4b013909087cb36,,,,
Food,4d4b7105d754a06374d81259,Asian Restaurant,4bf58dd8d48988d142941735,Korean Restaurant,4bf58dd8d48988d113941735,,,,
Food,4d4b7105d754a06374d81259,Asian Restaurant,4bf58dd8d48988d142941735,Bossam/Jokbal Restaurant,56aa371be4b08b9a8d5734e4,,,,
Food,4d4b7105d754a06374d81259,Asian Restaurant,4bf58dd8d48988d142941735,Bunsik Restaurant,56aa371be4b08b9a8d5734f0,,,,
Food,4d4b7105d754a06374d81259,Asian Restaurant,4bf58dd8d48988d142941735,Gukbap Restaurant,56aa371be4b08b9a8d5734e7,,,,
Food,4d4b7105d754a06374d81259,Asian Restaurant,4bf58dd8d48988d142941735,Janguh Restaurant,56aa371be4b08b9a8d5734ed,,,,
Food,4d4b7105d754a06374d81259,Asian Restaurant,4bf58dd8d48988d142941735,Samgyetang Restaurant,56aa371be4b08b9a8d5734ea,,,,
Food,4d4b7105d754a06374d81259,Asian Restaurant,4bf58dd8d48988d142941735,Malay Restaurant,4bf58dd8d48988d156941735,,,,
Food,4d4b7105d754a06374d81259,Asian Restaurant,4bf58dd8d48988d142941735,Mamak Restaurant,5ae9595eb77c77002c2f9f26,,,,
Food,4d4b7105d754a06374d81259,Asian Restaurant,4bf58dd8d48988d142941735,Mongolian Restaurant,4eb1d5724b900d56c88a45fe,,,,
Food,4d4b7105d754a06374d81259,Asian Restaurant,4bf58dd8d48988d142941735,Noodle House,4bf58dd8d48988d1d1941735,,,,
Food,4d4b7105d754a06374d81259,Asian Restaurant,4bf58dd8d48988d142941735,Ramen /  Noodle House,4bf58dd8d48988d1d1941735,,,,
Food,4d4b7105d754a06374d81259,Asian Restaurant,4bf58dd8d48988d142941735,Satay Restaurant,56aa371be4b08b9a8d57350e,,,,
Food,4d4b7105d754a06374d81259,Asian Restaurant,4bf58dd8d48988d142941735,Thai Restaurant,4bf58dd8d48988d149941735,,,,
Food,4d4b7105d754a06374d81259,Asian Restaurant,4bf58dd8d48988d142941735,Som Tum Restaurant,56aa371be4b08b9a8d573502,,,,
Food,4d4b7105d754a06374d81259,Asian Restaurant,4bf58dd8d48988d142941735,Tibetan Restaurant,52af39fb3cf9994f4e043be9,,,,
Food,4d4b7105d754a06374d81259,Asian Restaurant,4bf58dd8d48988d142941735,Vietnamese Restaurant,4bf58dd8d48988d14a941735,,,,
Food,4d4b7105d754a06374d81259,Asian Restaurant,4bf58dd8d48988d142941735,Malaysian Restaurant,,,,,
Food,4d4b7105d754a06374d81259,Australian Restaurant,4bf58dd8d48988d169941735,,,,,,
Food,4d4b7105d754a06374d81259,Austrian Restaurant,52e81612bcbc57f1066b7a01,,,,,,
Food,4d4b7105d754a06374d81259,BBQ Joint,4bf58dd8d48988d1df931735,,,,,,
Food,4d4b7105d754a06374d81259,Bagel Shop,4bf58dd8d48988d179941735,,,,,,
Food,4d4b7105d754a06374d81259,Bakery,4bf58dd8d48988d16a941735,,,,,,
Food,4d4b7105d754a06374d81259,Belgian Restaurant,52e81612bcbc57f1066b7a02,,,,,,
Food,4d4b7105d754a06374d81259,Bistro,52e81612bcbc57f1066b79f1,,,,,,
Food,4d4b7105d754a06374d81259,Breakfast Spot,4bf58dd8d48988d143941735,,,,,,
Food,4d4b7105d754a06374d81259,Bubble Tea Shop,52e81612bcbc57f1066b7a0c,,,,,,
Food,4d4b7105d754a06374d81259,Buffet,52e81612bcbc57f1066b79f4,,,,,,
Food,4d4b7105d754a06374d81259,Burger Joint,4bf58dd8d48988d16c941735,,,,,,
Food,4d4b7105d754a06374d81259,Cafeteria,4bf58dd8d48988d128941735,,,,,,
Food,4d4b7105d754a06374d81259,Café,4bf58dd8d48988d16d941735,,,,,,
Food,4d4b7105d754a06374d81259,Café,4bf58dd8d48988d16d941735,,,,,,
Food,4d4b7105d754a06374d81259,Cafe,4bf58dd8d48988d16d941735,,,,,,
Food,4d4b7105d754a06374d81259,Caf,4bf58dd8d48988d16d941735,,,,,,
Food,4d4b7105d754a06374d81259,Cajun / Creole Restaurant,4bf58dd8d48988d17a941735,,,,,,
Food,4d4b7105d754a06374d81259,Caribbean Restaurant,4bf58dd8d48988d144941735,Cuban Restaurant,4bf58dd8d48988d154941735,,,,
Food,4d4b7105d754a06374d81259,Caucasian Restaurant,5293a7d53cf9994f4e043a45,,,,,,
Food,4d4b7105d754a06374d81259,Coffee Shop,4bf58dd8d48988d1e0931735,,,,,,
Food,4d4b7105d754a06374d81259,Comfort Food Restaurant,52e81612bcbc57f1066b7a00,,,,,,
Food,4d4b7105d754a06374d81259,Creperie,52e81612bcbc57f1066b79f2,,,,,,
Food,4d4b7105d754a06374d81259,Czech Restaurant,52f2ae52bcbc57f1066b8b81,,,,,,
Food,4d4b7105d754a06374d81259,Deli / Bodega,4bf58dd8d48988d146941735,,,,,,
Food,4d4b7105d754a06374d81259,Dessert Shop,4bf58dd8d48988d1d0941735,Cupcake Shop,4bf58dd8d48988d1bc941735,,,,
Food,4d4b7105d754a06374d81259,Dessert Shop,4bf58dd8d48988d1d0941735,Frozen Yogurt Shop,512e7cae91d4cbb4e5efe0af,,,,
Food,4d4b7105d754a06374d81259,Dessert Shop,4bf58dd8d48988d1d0941735,Ice Cream Shop,4bf58dd8d48988d1c9941735,,,,
Food,4d4b7105d754a06374d81259,Dessert Shop,4bf58dd8d48988d1d0941735,Pastry Shop,5744ccdfe4b0c0459246b4e2,,,,
Food,4d4b7105d754a06374d81259,Dessert Shop,4bf58dd8d48988d1d0941735,Pie Shop,52e81612bcbc57f1066b7a0a,,,,
Food,4d4b7105d754a06374d81259,Diner,4bf58dd8d48988d147941735,,,,,,
Food,4d4b7105d754a06374d81259,Donut Shop,4bf58dd8d48988d148941735,,,,,,
Food,4d4b7105d754a06374d81259,Dumpling Restaurant,4bf58dd8d48988d108941735,,,,,,
Food,4d4b7105d754a06374d81259,Dutch Restaurant,5744ccdfe4b0c0459246b4d0,,,,,,
Food,4d4b7105d754a06374d81259,Eastern European Restaurant,4bf58dd8d48988d109941735,Belarusian Restaurant,52e928d0bcbc57f1066b7e97,,,,
Food,4d4b7105d754a06374d81259,Eastern European Restaurant,4bf58dd8d48988d109941735,Bosnian Restaurant,58daa1558bbb0b01f18ec1ee,,,,
Food,4d4b7105d754a06374d81259,Eastern European Restaurant,4bf58dd8d48988d109941735,Bulgarian Restaurant,56aa371be4b08b9a8d5734f3,,,,
Food,4d4b7105d754a06374d81259,Eastern European Restaurant,4bf58dd8d48988d109941735,Romanian Restaurant,52960bac3cf9994f4e043ac4,,,,
Food,4d4b7105d754a06374d81259,Eastern European Restaurant,4bf58dd8d48988d109941735,Tatar Restaurant,52e928d0bcbc57f1066b7e98,,,,
Food,4d4b7105d754a06374d81259,English Restaurant,52e81612bcbc57f1066b7a05,,,,,,
Food,4d4b7105d754a06374d81259,Falafel Restaurant,4bf58dd8d48988d10b941735,,,,,,
Food,4d4b7105d754a06374d81259,Fast Food Restaurant,4bf58dd8d48988d16e941735,,,,,,
Food,4d4b7105d754a06374d81259,Fish & Chips Shop,4edd64a0c7ddd24ca188df1a,,,,,,
Food,4d4b7105d754a06374d81259,Fondue Restaurant,52e81612bcbc57f1066b7a09,,,,,,
Food,4d4b7105d754a06374d81259,Food Court,4bf58dd8d48988d120951735,,,,,,
Food,4d4b7105d754a06374d81259,Food Stand,56aa371be4b08b9a8d57350b,,,,,,
Food,4d4b7105d754a06374d81259,Food Truck,4bf58dd8d48988d1cb941735,,,,,,
Food,4d4b7105d754a06374d81259,French Restaurant,4bf58dd8d48988d10c941735,Alsatian Restaurant,57558b36e4b065ecebd306b6,,,,
Food,4d4b7105d754a06374d81259,French Restaurant,4bf58dd8d48988d10c941735,Auvergne Restaurant,57558b36e4b065ecebd306b8,,,,
Food,4d4b7105d754a06374d81259,French Restaurant,4bf58dd8d48988d10c941735,Basque Restaurant,57558b36e4b065ecebd306bc,,,,
Food,4d4b7105d754a06374d81259,French Restaurant,4bf58dd8d48988d10c941735,Brasserie,57558b36e4b065ecebd306b0,,,,
Food,4d4b7105d754a06374d81259,French Restaurant,4bf58dd8d48988d10c941735,Breton Restaurant,57558b36e4b065ecebd306c5,,,,
Food,4d4b7105d754a06374d81259,French Restaurant,4bf58dd8d48988d10c941735,Burgundian Restaurant,57558b36e4b065ecebd306c0,,,,
Food,4d4b7105d754a06374d81259,French Restaurant,4bf58dd8d48988d10c941735,Catalan Restaurant,57558b36e4b065ecebd306cb,,,,
Food,4d4b7105d754a06374d81259,French Restaurant,4bf58dd8d48988d10c941735,Ch'ti Restaurant,57558b36e4b065ecebd306ce,,,,
Food,4d4b7105d754a06374d81259,French Restaurant,4bf58dd8d48988d10c941735,Corsican Restaurant,57558b36e4b065ecebd306d1,,,,
Food,4d4b7105d754a06374d81259,French Restaurant,4bf58dd8d48988d10c941735,Estaminet,57558b36e4b065ecebd306b4,,,,
Food,4d4b7105d754a06374d81259,French Restaurant,4bf58dd8d48988d10c941735,Labour Canteen,57558b36e4b065ecebd306b2,,,,
Food,4d4b7105d754a06374d81259,French Restaurant,4bf58dd8d48988d10c941735,Lyonese Bouchon,57558b35e4b065ecebd306ad,,,,
Food,4d4b7105d754a06374d81259,French Restaurant,4bf58dd8d48988d10c941735,Norman Restaurant,57558b36e4b065ecebd306d4,,,,
Food,4d4b7105d754a06374d81259,French Restaurant,4bf58dd8d48988d10c941735,Provençal Restaurant,57558b36e4b065ecebd306d7,,,,
Food,4d4b7105d754a06374d81259,French Restaurant,4bf58dd8d48988d10c941735,Savoyard Restaurant,57558b36e4b065ecebd306da,,,,
Food,4d4b7105d754a06374d81259,French Restaurant,4bf58dd8d48988d10c941735,Southwestern French Restaurant,57558b36e4b065ecebd306ba,,,,
Food,4d4b7105d754a06374d81259,Fried Chicken Joint,4d4ae6fc7a7b7dea34424761,,,,,,
Food,4d4b7105d754a06374d81259,Friterie,55d25775498e9f6a0816a37a,,,,,,
Food,4d4b7105d754a06374d81259,Gastropub,4bf58dd8d48988d155941735,,,,,,
Food,4d4b7105d754a06374d81259,German Restaurant,4bf58dd8d48988d10d941735,Apple Wine Pub,56aa371ce4b08b9a8d573583,,,,
Food,4d4b7105d754a06374d81259,German Restaurant,4bf58dd8d48988d10d941735,Bavarian Restaurant,56aa371ce4b08b9a8d573572,,,,
Food,4d4b7105d754a06374d81259,German Restaurant,4bf58dd8d48988d10d941735,Bratwurst Joint,56aa371ce4b08b9a8d57358e,,,,
Food,4d4b7105d754a06374d81259,German Restaurant,4bf58dd8d48988d10d941735,Currywurst Joint,56aa371ce4b08b9a8d57358b,,,,
Food,4d4b7105d754a06374d81259,German Restaurant,4bf58dd8d48988d10d941735,Franconian Restaurant,56aa371ce4b08b9a8d573574,,,,
Food,4d4b7105d754a06374d81259,German Restaurant,4bf58dd8d48988d10d941735,German Pop-Up Restaurant,56aa371ce4b08b9a8d573592,,,,
Food,4d4b7105d754a06374d81259,German Restaurant,4bf58dd8d48988d10d941735,Palatine Restaurant,56aa371ce4b08b9a8d573578,,,,
Food,4d4b7105d754a06374d81259,German Restaurant,4bf58dd8d48988d10d941735,Rhenisch Restaurant,56aa371ce4b08b9a8d57357b,,,,
Food,4d4b7105d754a06374d81259,German Restaurant,4bf58dd8d48988d10d941735,Schnitzel Restaurant,56aa371ce4b08b9a8d573587,,,,
Food,4d4b7105d754a06374d81259,German Restaurant,4bf58dd8d48988d10d941735,Silesian Restaurant,56aa371ce4b08b9a8d57357f,,,,
Food,4d4b7105d754a06374d81259,German Restaurant,4bf58dd8d48988d10d941735,Swabian Restaurant,56aa371ce4b08b9a8d573576,,,,
Food,4d4b7105d754a06374d81259,Gluten-free Restaurant,4c2cd86ed066bed06c3c5209,,,,,,
Food,4d4b7105d754a06374d81259,Greek Restaurant,4bf58dd8d48988d10e941735,Bougatsa Shop,53d6c1b0e4b02351e88a83e8,,,,
Food,4d4b7105d754a06374d81259,Greek Restaurant,4bf58dd8d48988d10e941735,Cretan Restaurant,53d6c1b0e4b02351e88a83e2,,,,
Food,4d4b7105d754a06374d81259,Greek Restaurant,4bf58dd8d48988d10e941735,Fish Taverna,53d6c1b0e4b02351e88a83d8,,,,
Food,4d4b7105d754a06374d81259,Greek Restaurant,4bf58dd8d48988d10e941735,Grilled Meat Restaurant,53d6c1b0e4b02351e88a83d6,,,,
Food,4d4b7105d754a06374d81259,Greek Restaurant,4bf58dd8d48988d10e941735,Kafenio,53d6c1b0e4b02351e88a83e6,,,,
Food,4d4b7105d754a06374d81259,Greek Restaurant,4bf58dd8d48988d10e941735,Magirio,53d6c1b0e4b02351e88a83e4,,,,
Food,4d4b7105d754a06374d81259,Greek Restaurant,4bf58dd8d48988d10e941735,Meze Restaurant,53d6c1b0e4b02351e88a83da,,,,
Food,4d4b7105d754a06374d81259,Greek Restaurant,4bf58dd8d48988d10e941735,Modern Greek Restaurant,53d6c1b0e4b02351e88a83d4,,,,
Food,4d4b7105d754a06374d81259,Greek Restaurant,4bf58dd8d48988d10e941735,Ouzeri,53d6c1b0e4b02351e88a83dc,,,,
Food,4d4b7105d754a06374d81259,Greek Restaurant,4bf58dd8d48988d10e941735,Patsa Restaurant,53d6c1b0e4b02351e88a83e0,,,,
Food,4d4b7105d754a06374d81259,Greek Restaurant,4bf58dd8d48988d10e941735,Souvlaki Shop,52e81612bcbc57f1066b79f3,,,,
Food,4d4b7105d754a06374d81259,Greek Restaurant,4bf58dd8d48988d10e941735,Taverna,53d6c1b0e4b02351e88a83d2,,,,
Food,4d4b7105d754a06374d81259,Greek Restaurant,4bf58dd8d48988d10e941735,Tsipouro Restaurant,53d6c1b0e4b02351e88a83de,,,,
Food,4d4b7105d754a06374d81259,Halal Restaurant,52e81612bcbc57f1066b79ff,,,,,,
Food,4d4b7105d754a06374d81259,Hawaiian Restaurant,52e81612bcbc57f1066b79fe,Poke Place,5bae9231bedf3950379f89d4,,,,
Food,4d4b7105d754a06374d81259,Hot Dog Joint,4bf58dd8d48988d16f941735,,,,,,
Food,4d4b7105d754a06374d81259,Hungarian Restaurant,52e81612bcbc57f1066b79fa,,,,,,
Food,4d4b7105d754a06374d81259,Indian Restaurant,4bf58dd8d48988d10f941735,Andhra Restaurant,54135bf5e4b08f3d2429dfe5,,,,
Food,4d4b7105d754a06374d81259,Indian Restaurant,4bf58dd8d48988d10f941735,Awadhi Restaurant,54135bf5e4b08f3d2429dff3,,,,
Food,4d4b7105d754a06374d81259,Indian Restaurant,4bf58dd8d48988d10f941735,Bengali Restaurant,54135bf5e4b08f3d2429dff5,,,,
Food,4d4b7105d754a06374d81259,Indian Restaurant,4bf58dd8d48988d10f941735,Chaat Place,54135bf5e4b08f3d2429dfe2,,,,
Food,4d4b7105d754a06374d81259,Indian Restaurant,4bf58dd8d48988d10f941735,Chettinad Restaurant,54135bf5e4b08f3d2429dff2,,,,
Food,4d4b7105d754a06374d81259,Indian Restaurant,4bf58dd8d48988d10f941735,Dhaba,54135bf5e4b08f3d2429dfe1,,,,
Food,4d4b7105d754a06374d81259,Indian Restaurant,4bf58dd8d48988d10f941735,Dosa Place,54135bf5e4b08f3d2429dfe3,,,,
Food,4d4b7105d754a06374d81259,Indian Restaurant,4bf58dd8d48988d10f941735,Goan Restaurant,54135bf5e4b08f3d2429dfe8,,,,
Food,4d4b7105d754a06374d81259,Indian Restaurant,4bf58dd8d48988d10f941735,Gujarati Restaurant,54135bf5e4b08f3d2429dfe9,,,,
Food,4d4b7105d754a06374d81259,Indian Restaurant,4bf58dd8d48988d10f941735,Hyderabadi Restaurant,54135bf5e4b08f3d2429dfe6,,,,
Food,4d4b7105d754a06374d81259,Indian Restaurant,4bf58dd8d48988d10f941735,Indian Chinese Restaurant,54135bf5e4b08f3d2429dfdf,,,,
Food,4d4b7105d754a06374d81259,Indian Restaurant,4bf58dd8d48988d10f941735,Indian Sweet Shop,54135bf5e4b08f3d2429dfe4,,,,
Food,4d4b7105d754a06374d81259,Indian Restaurant,4bf58dd8d48988d10f941735,Irani Cafe,54135bf5e4b08f3d2429dfe7,,,,
Food,4d4b7105d754a06374d81259,Indian Restaurant,4bf58dd8d48988d10f941735,Jain Restaurant,54135bf5e4b08f3d2429dfea,,,,
Food,4d4b7105d754a06374d81259,Indian Restaurant,4bf58dd8d48988d10f941735,Karnataka Restaurant,54135bf5e4b08f3d2429dfeb,,,,
Food,4d4b7105d754a06374d81259,Indian Restaurant,4bf58dd8d48988d10f941735,Kerala Restaurant,54135bf5e4b08f3d2429dfed,,,,
Food,4d4b7105d754a06374d81259,Indian Restaurant,4bf58dd8d48988d10f941735,Maharashtrian Restaurant,54135bf5e4b08f3d2429dfee,,,,
Food,4d4b7105d754a06374d81259,Indian Restaurant,4bf58dd8d48988d10f941735,Mughlai Restaurant,54135bf5e4b08f3d2429dff4,,,,
Food,4d4b7105d754a06374d81259,Indian Restaurant,4bf58dd8d48988d10f941735,Multicuisine Indian Restaurant,54135bf5e4b08f3d2429dfe0,,,,
Food,4d4b7105d754a06374d81259,Indian Restaurant,4bf58dd8d48988d10f941735,North Indian Restaurant,54135bf5e4b08f3d2429dfdd,,,,
Food,4d4b7105d754a06374d81259,Indian Restaurant,4bf58dd8d48988d10f941735,Northeast Indian Restaurant,54135bf5e4b08f3d2429dff6,,,,
Food,4d4b7105d754a06374d81259,Indian Restaurant,4bf58dd8d48988d10f941735,Parsi Restaurant,54135bf5e4b08f3d2429dfef,,,,
Food,4d4b7105d754a06374d81259,Indian Restaurant,4bf58dd8d48988d10f941735,Punjabi Restaurant,54135bf5e4b08f3d2429dff0,,,,
Food,4d4b7105d754a06374d81259,Indian Restaurant,4bf58dd8d48988d10f941735,Rajasthani Restaurant,54135bf5e4b08f3d2429dff1,,,,
Food,4d4b7105d754a06374d81259,Indian Restaurant,4bf58dd8d48988d10f941735,South Indian Restaurant,54135bf5e4b08f3d2429dfde,,,,
Food,4d4b7105d754a06374d81259,Indian Restaurant,4bf58dd8d48988d10f941735,Udupi Restaurant,54135bf5e4b08f3d2429dfec,,,,
Food,4d4b7105d754a06374d81259,Irish Pub,52e81612bcbc57f1066b7a06,,,,,,
Food,4d4b7105d754a06374d81259,Italian Restaurant,4bf58dd8d48988d110941735,Abruzzo Restaurant,55a5a1ebe4b013909087cbb6,,,,
Food,4d4b7105d754a06374d81259,Italian Restaurant,4bf58dd8d48988d110941735,Agriturismo,55a5a1ebe4b013909087cb7c,,,,
Food,4d4b7105d754a06374d81259,Italian Restaurant,4bf58dd8d48988d110941735,Aosta Restaurant,55a5a1ebe4b013909087cba7,,,,
Food,4d4b7105d754a06374d81259,Italian Restaurant,4bf58dd8d48988d110941735,Basilicata Restaurant,55a5a1ebe4b013909087cba1,,,,
Food,4d4b7105d754a06374d81259,Italian Restaurant,4bf58dd8d48988d110941735,Calabria Restaurant,55a5a1ebe4b013909087cba4,,,,
Food,4d4b7105d754a06374d81259,Italian Restaurant,4bf58dd8d48988d110941735,Campanian Restaurant,55a5a1ebe4b013909087cb95,,,,
Food,4d4b7105d754a06374d81259,Italian Restaurant,4bf58dd8d48988d110941735,Emilia Restaurant,55a5a1ebe4b013909087cb89,,,,
Food,4d4b7105d754a06374d81259,Italian Restaurant,4bf58dd8d48988d110941735,Friuli Restaurant,55a5a1ebe4b013909087cb9b,,,,
Food,4d4b7105d754a06374d81259,Italian Restaurant,4bf58dd8d48988d110941735,Ligurian Restaurant,55a5a1ebe4b013909087cb98,,,,
Food,4d4b7105d754a06374d81259,Italian Restaurant,4bf58dd8d48988d110941735,Lombard Restaurant,55a5a1ebe4b013909087cbbf,,,,
Food,4d4b7105d754a06374d81259,Italian Restaurant,4bf58dd8d48988d110941735,Malga,55a5a1ebe4b013909087cb79,,,,
Food,4d4b7105d754a06374d81259,Italian Restaurant,4bf58dd8d48988d110941735,Marche Restaurant,55a5a1ebe4b013909087cbb0,,,,
Food,4d4b7105d754a06374d81259,Italian Restaurant,4bf58dd8d48988d110941735,Molise Restaurant,55a5a1ebe4b013909087cbb3,,,,
Food,4d4b7105d754a06374d81259,Italian Restaurant,4bf58dd8d48988d110941735,Piadineria,55a5a1ebe4b013909087cb74,,,,
Food,4d4b7105d754a06374d81259,Italian Restaurant,4bf58dd8d48988d110941735,Piedmontese Restaurant,55a5a1ebe4b013909087cbaa,,,,
Food,4d4b7105d754a06374d81259,Italian Restaurant,4bf58dd8d48988d110941735,Puglia Restaurant,55a5a1ebe4b013909087cb83,,,,
Food,4d4b7105d754a06374d81259,Italian Restaurant,4bf58dd8d48988d110941735,Romagna Restaurant,55a5a1ebe4b013909087cb8c,,,,
Food,4d4b7105d754a06374d81259,Italian Restaurant,4bf58dd8d48988d110941735,Roman Restaurant,55a5a1ebe4b013909087cb92,,,,
Food,4d4b7105d754a06374d81259,Italian Restaurant,4bf58dd8d48988d110941735,Sardinian Restaurant,55a5a1ebe4b013909087cb8f,,,,
Food,4d4b7105d754a06374d81259,Italian Restaurant,4bf58dd8d48988d110941735,Sicilian Restaurant,55a5a1ebe4b013909087cb86,,,,
Food,4d4b7105d754a06374d81259,Italian Restaurant,4bf58dd8d48988d110941735,South Tyrolean Restaurant,55a5a1ebe4b013909087cbb9,,,,
Food,4d4b7105d754a06374d81259,Italian Restaurant,4bf58dd8d48988d110941735,Trattoria/Osteria,55a5a1ebe4b013909087cb7f,,,,
Food,4d4b7105d754a06374d81259,Italian Restaurant,4bf58dd8d48988d110941735,Trentino Restaurant,55a5a1ebe4b013909087cbbc,,,,
Food,4d4b7105d754a06374d81259,Italian Restaurant,4bf58dd8d48988d110941735,Tuscan Restaurant,55a5a1ebe4b013909087cb9e,,,,
Food,4d4b7105d754a06374d81259,Italian Restaurant,4bf58dd8d48988d110941735,Umbrian Restaurant,55a5a1ebe4b013909087cbc2,,,,
Food,4d4b7105d754a06374d81259,Italian Restaurant,4bf58dd8d48988d110941735,Veneto Restaurant,55a5a1ebe4b013909087cbad,,,,
Food,4d4b7105d754a06374d81259,Jewish Restaurant,52e81612bcbc57f1066b79fd,Kosher Restaurant,52e81612bcbc57f1066b79fc,,,,
Food,4d4b7105d754a06374d81259,Juice Bar,4bf58dd8d48988d112941735,,,,,,
Food,4d4b7105d754a06374d81259,Kebab Restaurant,5283c7b4e4b094cb91ec88d7,,,,,,
Food,4d4b7105d754a06374d81259,Latin American Restaurant,4bf58dd8d48988d1be941735,Arepa Restaurant,4bf58dd8d48988d152941735,,,,
Food,4d4b7105d754a06374d81259,Latin American Restaurant,4bf58dd8d48988d1be941735,Empanada Restaurant,52939a8c3cf9994f4e043a35,,,,
Food,4d4b7105d754a06374d81259,Latin American Restaurant,4bf58dd8d48988d1be941735,Salvadoran Restaurant,5745c7ac498e5d0483112fdb,,,,
Food,4d4b7105d754a06374d81259,Latin American Restaurant,4bf58dd8d48988d1be941735,South American Restaurant,4bf58dd8d48988d1cd941735,Argentinian Restaurant,4bf58dd8d48988d107941735,,
Food,4d4b7105d754a06374d81259,Latin American Restaurant,4bf58dd8d48988d1be941735,South American Restaurant,4bf58dd8d48988d1cd941735,Brazilian Restaurant,4bf58dd8d48988d16b941735,Acai House,5294c7523cf9994f4e043a62
Food,4d4b7105d754a06374d81259,Latin American Restaurant,4bf58dd8d48988d1be941735,South American Restaurant,4bf58dd8d48988d1cd941735,Brazilian Restaurant,4bf58dd8d48988d16b941735,Baiano Restaurant,52939ae13cf9994f4e043a3b
Food,4d4b7105d754a06374d81259,Latin American Restaurant,4bf58dd8d48988d1be941735,South American Restaurant,4bf58dd8d48988d1cd941735,Brazilian Restaurant,4bf58dd8d48988d16b941735,Central Brazilian Restaurant,52939a9e3cf9994f4e043a36
Food,4d4b7105d754a06374d81259,Latin American Restaurant,4bf58dd8d48988d1be941735,South American Restaurant,4bf58dd8d48988d1cd941735,Brazilian Restaurant,4bf58dd8d48988d16b941735,Churrascaria,52939a643cf9994f4e043a33
Food,4d4b7105d754a06374d81259,Latin American Restaurant,4bf58dd8d48988d1be941735,South American Restaurant,4bf58dd8d48988d1cd941735,Brazilian Restaurant,4bf58dd8d48988d16b941735,Empada House,5294c55c3cf9994f4e043a61
Food,4d4b7105d754a06374d81259,Latin American Restaurant,4bf58dd8d48988d1be941735,South American Restaurant,4bf58dd8d48988d1cd941735,Brazilian Restaurant,4bf58dd8d48988d16b941735,Goiano Restaurant,52939af83cf9994f4e043a3d
Food,4d4b7105d754a06374d81259,Latin American Restaurant,4bf58dd8d48988d1be941735,South American Restaurant,4bf58dd8d48988d1cd941735,Brazilian Restaurant,4bf58dd8d48988d16b941735,Mineiro Restaurant,52939aed3cf9994f4e043a3c
Food,4d4b7105d754a06374d81259,Latin American Restaurant,4bf58dd8d48988d1be941735,South American Restaurant,4bf58dd8d48988d1cd941735,Brazilian Restaurant,4bf58dd8d48988d16b941735,Northeastern Brazilian Restaurant,52939aae3cf9994f4e043a37
Food,4d4b7105d754a06374d81259,Latin American Restaurant,4bf58dd8d48988d1be941735,South American Restaurant,4bf58dd8d48988d1cd941735,Brazilian Restaurant,4bf58dd8d48988d16b941735,Northern Brazilian Restaurant,52939ab93cf9994f4e043a38
Food,4d4b7105d754a06374d81259,Latin American Restaurant,4bf58dd8d48988d1be941735,South American Restaurant,4bf58dd8d48988d1cd941735,Brazilian Restaurant,4bf58dd8d48988d16b941735,Pastelaria,5294cbda3cf9994f4e043a63
Food,4d4b7105d754a06374d81259,Latin American Restaurant,4bf58dd8d48988d1be941735,South American Restaurant,4bf58dd8d48988d1cd941735,Brazilian Restaurant,4bf58dd8d48988d16b941735,Southeastern Brazilian Restaurant,52939ac53cf9994f4e043a39
Food,4d4b7105d754a06374d81259,Latin American Restaurant,4bf58dd8d48988d1be941735,South American Restaurant,4bf58dd8d48988d1cd941735,Brazilian Restaurant,4bf58dd8d48988d16b941735,Southern Brazilian Restaurant,52939ad03cf9994f4e043a3a
Food,4d4b7105d754a06374d81259,Latin American Restaurant,4bf58dd8d48988d1be941735,South American Restaurant,4bf58dd8d48988d1cd941735,Brazilian Restaurant,4bf58dd8d48988d16b941735,Tapiocaria,52939a7d3cf9994f4e043a34
Food,4d4b7105d754a06374d81259,Latin American Restaurant,4bf58dd8d48988d1be941735,South American Restaurant,4bf58dd8d48988d1cd941735,Colombian Restaurant,58daa1558bbb0b01f18ec1f4,,
Food,4d4b7105d754a06374d81259,Latin American Restaurant,4bf58dd8d48988d1be941735,South American Restaurant,4bf58dd8d48988d1cd941735,Peruvian Restaurant,4eb1bfa43b7b52c0e1adc2e8,,
Food,4d4b7105d754a06374d81259,Latin American Restaurant,4bf58dd8d48988d1be941735,South American Restaurant,4bf58dd8d48988d1cd941735,Venezuelan Restaurant,56aa371be4b08b9a8d573558,,
Food,4d4b7105d754a06374d81259,Mac & Cheese Joint,4bf58dd8d48988d1bf941735,,,,,,
Food,4d4b7105d754a06374d81259,Mediterranean Restaurant,4bf58dd8d48988d1c0941735,Moroccan Restaurant,4bf58dd8d48988d1c3941735,,,,
Food,4d4b7105d754a06374d81259,Mexican Restaurant,4bf58dd8d48988d1c1941735,Botanero,58daa1558bbb0b01f18ec1d9,,,,
Food,4d4b7105d754a06374d81259,Mexican Restaurant,4bf58dd8d48988d1c1941735,Burrito Place,4bf58dd8d48988d153941735,,,,
Food,4d4b7105d754a06374d81259,Mexican Restaurant,4bf58dd8d48988d1c1941735,Taco Place,4bf58dd8d48988d151941735,,,,
Food,4d4b7105d754a06374d81259,Mexican Restaurant,4bf58dd8d48988d1c1941735,Tex-Mex Restaurant,56aa371ae4b08b9a8d5734ba,,,,
Food,4d4b7105d754a06374d81259,Mexican Restaurant,4bf58dd8d48988d1c1941735,Yucatecan Restaurant,5744ccdfe4b0c0459246b4d3,,,,
Food,4d4b7105d754a06374d81259,Middle Eastern Restaurant,4bf58dd8d48988d115941735,Egyptian Restaurant,5bae9231bedf3950379f89e1,,,,
Food,4d4b7105d754a06374d81259,Middle Eastern Restaurant,4bf58dd8d48988d115941735,Iraqi Restaurant,5bae9231bedf3950379f89e7,,,,
Food,4d4b7105d754a06374d81259,Middle Eastern Restaurant,4bf58dd8d48988d115941735,Israeli Restaurant,56aa371be4b08b9a8d573529,,,,
Food,4d4b7105d754a06374d81259,Middle Eastern Restaurant,4bf58dd8d48988d115941735,Kurdish Restaurant,5744ccdfe4b0c0459246b4ca,,,,
Food,4d4b7105d754a06374d81259,Middle Eastern Restaurant,4bf58dd8d48988d115941735,Lebanese Restaurant,58daa1558bbb0b01f18ec1cd,,,,
Food,4d4b7105d754a06374d81259,Middle Eastern Restaurant,4bf58dd8d48988d115941735,Persian Restaurant,52e81612bcbc57f1066b79f7,Ash and Haleem Place,58daa1558bbb0b01f18ec1bc,,
Food,4d4b7105d754a06374d81259,Middle Eastern Restaurant,4bf58dd8d48988d115941735,Persian Restaurant,52e81612bcbc57f1066b79f7,Dizi Place,58daa1558bbb0b01f18ec1c0,,
Food,4d4b7105d754a06374d81259,Middle Eastern Restaurant,4bf58dd8d48988d115941735,Persian Restaurant,52e81612bcbc57f1066b79f7,Gilaki Restaurant,58daa1558bbb0b01f18ec1c4,,
Food,4d4b7105d754a06374d81259,Middle Eastern Restaurant,4bf58dd8d48988d115941735,Persian Restaurant,52e81612bcbc57f1066b79f7,Jegaraki,58daa1558bbb0b01f18ec1c7,,
Food,4d4b7105d754a06374d81259,Middle Eastern Restaurant,4bf58dd8d48988d115941735,Persian Restaurant,52e81612bcbc57f1066b79f7,Tabbakhi,5744ccdfe4b0c0459246b4a8,,
Food,4d4b7105d754a06374d81259,Middle Eastern Restaurant,4bf58dd8d48988d115941735,Shawarma Place,5bae9231bedf3950379f89e4,,,,
Food,4d4b7105d754a06374d81259,Middle Eastern Restaurant,4bf58dd8d48988d115941735,Syrian Restaurant,5bae9231bedf3950379f89da,,,,
Food,4d4b7105d754a06374d81259,Middle Eastern Restaurant,4bf58dd8d48988d115941735,Yemeni Restaurant,5bae9231bedf3950379f89ea,,,,
Food,4d4b7105d754a06374d81259,Modern European Restaurant,52e81612bcbc57f1066b79f9,,,,,,
Food,4d4b7105d754a06374d81259,Molecular Gastronomy Restaurant,4bf58dd8d48988d1c2941735,,,,,,
Food,4d4b7105d754a06374d81259,Pakistani Restaurant,52e81612bcbc57f1066b79f8,,,,,,
Food,4d4b7105d754a06374d81259,Pet Café,56aa371be4b08b9a8d573508,,,,,,
Food,4d4b7105d754a06374d81259,Pizza Place,4bf58dd8d48988d1ca941735,,,,,,
Food,4d4b7105d754a06374d81259,Polish Restaurant,52e81612bcbc57f1066b7a04,,,,,,
Food,4d4b7105d754a06374d81259,Portuguese Restaurant,4def73e84765ae376e57713a,,,,,,
Food,4d4b7105d754a06374d81259,Poutine Place,56aa371be4b08b9a8d5734c7,,,,,,
Food,4d4b7105d754a06374d81259,Restaurant,4bf58dd8d48988d1c4941735,,,,,,
Food,4d4b7105d754a06374d81259,Russian Restaurant,5293a7563cf9994f4e043a44,Blini House,52e928d0bcbc57f1066b7e9d,,,,
Food,4d4b7105d754a06374d81259,Russian Restaurant,5293a7563cf9994f4e043a44,Pelmeni House,52e928d0bcbc57f1066b7e9c,,,,
Food,4d4b7105d754a06374d81259,Salad Place,4bf58dd8d48988d1bd941735,,,,,,
Food,4d4b7105d754a06374d81259,Sandwich Place,4bf58dd8d48988d1c5941735,,,,,,
Food,4d4b7105d754a06374d81259,Scandinavian Restaurant,4bf58dd8d48988d1c6941735,,,,,,
Food,4d4b7105d754a06374d81259,Scottish Restaurant,5744ccdde4b0c0459246b4a3,,,,,,
Food,4d4b7105d754a06374d81259,Seafood Restaurant,4bf58dd8d48988d1ce941735,,,,,,
Food,4d4b7105d754a06374d81259,Slovak Restaurant,56aa371be4b08b9a8d57355a,,,,,,
Food,4d4b7105d754a06374d81259,Snack Place,4bf58dd8d48988d1c7941735,,,,,,
Food,4d4b7105d754a06374d81259,Soup Place,4bf58dd8d48988d1dd931735,,,,,,
Food,4d4b7105d754a06374d81259,Southern / Soul Food Restaurant,4bf58dd8d48988d14f941735,,,,,,
Food,4d4b7105d754a06374d81259,Spanish Restaurant,4bf58dd8d48988d150941735,Paella Restaurant,4bf58dd8d48988d14d941735,,,,
Food,4d4b7105d754a06374d81259,Spanish Restaurant,4bf58dd8d48988d150941735,Tapas Restaurant,4bf58dd8d48988d1db931735,,,,
Food,4d4b7105d754a06374d81259,Sri Lankan Restaurant,5413605de4b0ae91d18581a9,,,,,,
Food,4d4b7105d754a06374d81259,Steakhouse,4bf58dd8d48988d1cc941735,,,,,,
Food,4d4b7105d754a06374d81259,Swiss Restaurant,4bf58dd8d48988d158941735,,,,,,
Food,4d4b7105d754a06374d81259,Tea Room,4bf58dd8d48988d1dc931735,,,,,,
Food,4d4b7105d754a06374d81259,Theme Restaurant,56aa371be4b08b9a8d573538,,,,,,
Food,4d4b7105d754a06374d81259,Truck Stop,57558b36e4b065ecebd306dd,,,,,,
Food,4d4b7105d754a06374d81259,Turkish Restaurant,4f04af1f2fb6e1c99f3db0bb,Borek Place,530faca9bcbc57f1066bc2f3,,,,
Food,4d4b7105d754a06374d81259,Turkish Restaurant,4f04af1f2fb6e1c99f3db0bb,Cigkofte Place,530faca9bcbc57f1066bc2f4,,,,
Food,4d4b7105d754a06374d81259,Turkish Restaurant,4f04af1f2fb6e1c99f3db0bb,Doner Restaurant,5283c7b4e4b094cb91ec88d8,,,,
Food,4d4b7105d754a06374d81259,Turkish Restaurant,4f04af1f2fb6e1c99f3db0bb,Gozleme Place,5283c7b4e4b094cb91ec88d9,,,,
Food,4d4b7105d754a06374d81259,Turkish Restaurant,4f04af1f2fb6e1c99f3db0bb,Kofte Place,5283c7b4e4b094cb91ec88db,,,,
Food,4d4b7105d754a06374d81259,Turkish Restaurant,4f04af1f2fb6e1c99f3db0bb,Kokoreç Restaurant,5283c7b4e4b094cb91ec88d6,,,,
Food,4d4b7105d754a06374d81259,Turkish Restaurant,4f04af1f2fb6e1c99f3db0bb,Kumpir Restaurant,56aa371be4b08b9a8d573535,,,,
Food,4d4b7105d754a06374d81259,Turkish Restaurant,4f04af1f2fb6e1c99f3db0bb,Kumru Restaurant,56aa371be4b08b9a8d5734bd,,,,
Food,4d4b7105d754a06374d81259,Turkish Restaurant,4f04af1f2fb6e1c99f3db0bb,Manti Place,5283c7b4e4b094cb91ec88d5,,,,
Food,4d4b7105d754a06374d81259,Turkish Restaurant,4f04af1f2fb6e1c99f3db0bb,Meyhane,5283c7b4e4b094cb91ec88da,,,,
Food,4d4b7105d754a06374d81259,Turkish Restaurant,4f04af1f2fb6e1c99f3db0bb,Pide Place,530faca9bcbc57f1066bc2f2,,,,
Food,4d4b7105d754a06374d81259,Turkish Restaurant,4f04af1f2fb6e1c99f3db0bb,Pilavcı,58daa1558bbb0b01f18ec1df,,,,
Food,4d4b7105d754a06374d81259,Turkish Restaurant,4f04af1f2fb6e1c99f3db0bb,Söğüş Place,58daa1558bbb0b01f18ec1dc,,,,
Food,4d4b7105d754a06374d81259,Turkish Restaurant,4f04af1f2fb6e1c99f3db0bb,Tantuni Restaurant,56aa371be4b08b9a8d5734bf,,,,
Food,4d4b7105d754a06374d81259,Turkish Restaurant,4f04af1f2fb6e1c99f3db0bb,Turkish Coffeehouse,56aa371be4b08b9a8d5734c1,,,,
Food,4d4b7105d754a06374d81259,Turkish Restaurant,4f04af1f2fb6e1c99f3db0bb,Turkish Home Cooking Restaurant,5283c7b4e4b094cb91ec88d4,,,,
Food,4d4b7105d754a06374d81259,Turkish Restaurant,4f04af1f2fb6e1c99f3db0bb,Çöp Şiş Place,58daa1558bbb0b01f18ec1e2,,,,
Food,4d4b7105d754a06374d81259,Ukrainian Restaurant,52e928d0bcbc57f1066b7e96,Varenyky restaurant,52e928d0bcbc57f1066b7e9a,,,,
Food,4d4b7105d754a06374d81259,Ukrainian Restaurant,52e928d0bcbc57f1066b7e96,West-Ukrainian Restaurant,52e928d0bcbc57f1066b7e9b,,,,
Food,4d4b7105d754a06374d81259,Vegetarian / Vegan Restaurant,4bf58dd8d48988d1d3941735,,,,,,
Food,4d4b7105d754a06374d81259,Wings Joint,4bf58dd8d48988d14c941735,,,,,,
Nightlife Spot,4d4b7105d754a06376d81259,Nightlife Spot,4d4b7105d754a06376d81259,,,,,,
Nightlife Spot,4d4b7105d754a06376d81259,Bar,4bf58dd8d48988d116941735,Beach Bar,52e81612bcbc57f1066b7a0d,,,,
Nightlife Spot,4d4b7105d754a06376d81259,Bar,4bf58dd8d48988d116941735,Beer Bar,56aa371ce4b08b9a8d57356c,,,,
Nightlife Spot,4d4b7105d754a06376d81259,Bar,4bf58dd8d48988d116941735,Beer Garden,4bf58dd8d48988d117941735,,,,
Nightlife Spot,4d4b7105d754a06376d81259,Bar,4bf58dd8d48988d116941735,Champagne Bar,52e81612bcbc57f1066b7a0e,,,,
Nightlife Spot,4d4b7105d754a06376d81259,Bar,4bf58dd8d48988d116941735,Cocktail Bar,4bf58dd8d48988d11e941735,,,,
Nightlife Spot,4d4b7105d754a06376d81259,Bar,4bf58dd8d48988d116941735,Dive Bar,4bf58dd8d48988d118941735,,,,
Nightlife Spot,4d4b7105d754a06376d81259,Bar,4bf58dd8d48988d116941735,Gay Bar,4bf58dd8d48988d1d8941735,,,,
Nightlife Spot,4d4b7105d754a06376d81259,Bar,4bf58dd8d48988d116941735,Hookah Bar,4bf58dd8d48988d119941735,,,,
Nightlife Spot,4d4b7105d754a06376d81259,Bar,4bf58dd8d48988d116941735,Hotel Bar,4bf58dd8d48988d1d5941735,,,,
Nightlife Spot,4d4b7105d754a06376d81259,Bar,4bf58dd8d48988d116941735,Karaoke Bar,4bf58dd8d48988d120941735,,,,
Nightlife Spot,4d4b7105d754a06376d81259,Bar,4bf58dd8d48988d116941735,Pub,4bf58dd8d48988d11b941735,,,,
Nightlife Spot,4d4b7105d754a06376d81259,Bar,4bf58dd8d48988d116941735,Sake Bar,4bf58dd8d48988d11c941735,,,,
Nightlife Spot,4d4b7105d754a06376d81259,Bar,4bf58dd8d48988d116941735,Speakeasy,4bf58dd8d48988d1d4941735,,,,
Nightlife Spot,4d4b7105d754a06376d81259,Bar,4bf58dd8d48988d116941735,Sports Bar,4bf58dd8d48988d11d941735,,,,
Nightlife Spot,4d4b7105d754a06376d81259,Bar,4bf58dd8d48988d116941735,Tiki Bar,56aa371be4b08b9a8d57354d,,,,
Nightlife Spot,4d4b7105d754a06376d81259,Bar,4bf58dd8d48988d116941735,Whisky Bar,4bf58dd8d48988d122941735,,,,
Nightlife Spot,4d4b7105d754a06376d81259,Bar,4bf58dd8d48988d116941735,Wine Bar,4bf58dd8d48988d123941735,,,,
Nightlife Spot,4d4b7105d754a06376d81259,Brewery,50327c8591d4c4b30a586d5d,,,,,,
Nightlife Spot,4d4b7105d754a06376d81259,Lounge,4bf58dd8d48988d121941735,,,,,,
Nightlife Spot,4d4b7105d754a06376d81259,Night Market,53e510b7498ebcb1801b55d4,,,,,,
Nightlife Spot,4d4b7105d754a06376d81259,Nightclub,4bf58dd8d48988d11f941735,,,,,,
Nightlife Spot,4d4b7105d754a06376d81259,Other Nightlife,4bf58dd8d48988d11a941735,,,,,,
Nightlife Spot,4d4b7105d754a06376d81259,Strip Club,4bf58dd8d48988d1d6941735,,,,,,
Outdoors & Recreation,4d4b7105d754a06377d81259,Outdoors & Recreation,4d4b7105d754a06377d81259,,,,,,
Outdoors & Recreation,4d4b7105d754a06377d81259,Athletic & Sport,4f4528bc4b90abdf24c9de85,,,,,,
Outdoors & Recreation,4d4b7105d754a06377d81259,Athletics & Sports,4f4528bc4b90abdf24c9de85,Badminton Court,52e81612bcbc57f1066b7a2b,,,,
Outdoors & Recreation,4d4b7105d754a06377d81259,Athletics & Sports,4f4528bc4b90abdf24c9de85,Baseball Field,4bf58dd8d48988d1e8941735,,,,
Outdoors & Recreation,4d4b7105d754a06377d81259,Athletics & Sports,4f4528bc4b90abdf24c9de85,Basketball Court,4bf58dd8d48988d1e1941735,,,,
Outdoors & Recreation,4d4b7105d754a06377d81259,Athletics & Sports,4f4528bc4b90abdf24c9de85,Bowling Green,52e81612bcbc57f1066b7a2f,,,,
Outdoors & Recreation,4d4b7105d754a06377d81259,Athletics & Sports,4f4528bc4b90abdf24c9de85,Curling Ice,56aa371be4b08b9a8d57351a,,,,
Outdoors & Recreation,4d4b7105d754a06377d81259,Athletics & Sports,4f4528bc4b90abdf24c9de85,Golf Course,4bf58dd8d48988d1e6941735,,,,
Outdoors & Recreation,4d4b7105d754a06377d81259,Athletics & Sports,4f4528bc4b90abdf24c9de85,Golf Driving Range,58daa1558bbb0b01f18ec1b0,,,,
Outdoors & Recreation,4d4b7105d754a06377d81259,Athletics & Sports,4f4528bc4b90abdf24c9de85,Gym / Fitness Center,4bf58dd8d48988d175941735,Boxing Gym,52f2ab2ebcbc57f1066b8b47,,
Outdoors & Recreation,4d4b7105d754a06377d81259,Athletics & Sports,4f4528bc4b90abdf24c9de85,Gym / Fitness Center,4bf58dd8d48988d175941735,Climbing Gym,503289d391d4c4b30a586d6a,,
Outdoors & Recreation,4d4b7105d754a06377d81259,Athletics & Sports,4f4528bc4b90abdf24c9de85,Gym / Fitness Center,4bf58dd8d48988d175941735,Cycle Studio,52f2ab2ebcbc57f1066b8b49,,
Outdoors & Recreation,4d4b7105d754a06377d81259,Athletics & Sports,4f4528bc4b90abdf24c9de85,Gym / Fitness Center,4bf58dd8d48988d175941735,Gym Pool,4bf58dd8d48988d105941735,,
Outdoors & Recreation,4d4b7105d754a06377d81259,Athletics & Sports,4f4528bc4b90abdf24c9de85,Gym / Fitness Center,4bf58dd8d48988d175941735,Gymnastics Gym,52f2ab2ebcbc57f1066b8b48,,
Outdoors & Recreation,4d4b7105d754a06377d81259,Athletics & Sports,4f4528bc4b90abdf24c9de85,Gym / Fitness Center,4bf58dd8d48988d175941735,Gym,4bf58dd8d48988d176941735,,
Outdoors & Recreation,4d4b7105d754a06377d81259,Athletics & Sports,4f4528bc4b90abdf24c9de85,Gym / Fitness Center,4bf58dd8d48988d175941735,Martial Arts Dojo,4bf58dd8d48988d101941735,,
Outdoors & Recreation,4d4b7105d754a06377d81259,Athletics & Sports,4f4528bc4b90abdf24c9de85,Gym / Fitness Center,4bf58dd8d48988d175941735,Outdoor Gym,58daa1558bbb0b01f18ec203,,
Outdoors & Recreation,4d4b7105d754a06377d81259,Athletics & Sports,4f4528bc4b90abdf24c9de85,Gym / Fitness Center,4bf58dd8d48988d175941735,Pilates Studio,5744ccdfe4b0c0459246b4b2,,
Outdoors & Recreation,4d4b7105d754a06377d81259,Athletics & Sports,4f4528bc4b90abdf24c9de85,Gym / Fitness Center,4bf58dd8d48988d175941735,Track,4bf58dd8d48988d106941735,,
Outdoors & Recreation,4d4b7105d754a06377d81259,Athletics & Sports,4f4528bc4b90abdf24c9de85,Gym / Fitness Center,4bf58dd8d48988d175941735,Weight Loss Center,590a0744340a5803fd8508c3,,
Outdoors & Recreation,4d4b7105d754a06377d81259,Athletics & Sports,4f4528bc4b90abdf24c9de85,Gym / Fitness Center,4bf58dd8d48988d175941735,Yoga Studio,4bf58dd8d48988d102941735,,
Outdoors & Recreation,4d4b7105d754a06377d81259,Athletics & Sports,4f4528bc4b90abdf24c9de85,Hockey Field,4f452cd44b9081a197eba860,,,,
Outdoors & Recreation,4d4b7105d754a06377d81259,Athletics & Sports,4f4528bc4b90abdf24c9de85,Hockey Rink,56aa371be4b08b9a8d57352c,,,,
Outdoors & Recreation,4d4b7105d754a06377d81259,Athletics & Sports,4f4528bc4b90abdf24c9de85,Paintball Field,5032829591d4c4b30a586d5e,,,,
Outdoors & Recreation,4d4b7105d754a06377d81259,Athletics & Sports,4f4528bc4b90abdf24c9de85,Rugby Pitch,52e81612bcbc57f1066b7a2c,,,,
Outdoors & Recreation,4d4b7105d754a06377d81259,Athletics & Sports,4f4528bc4b90abdf24c9de85,Skate Park,4bf58dd8d48988d167941735,,,,
Outdoors & Recreation,4d4b7105d754a06377d81259,Athletics & Sports,4f4528bc4b90abdf24c9de85,Skating Rink,4bf58dd8d48988d168941735,,,,
Outdoors & Recreation,4d4b7105d754a06377d81259,Athletics & Sports,4f4528bc4b90abdf24c9de85,Soccer Field,4cce455aebf7b749d5e191f5,,,,
Outdoors & Recreation,4d4b7105d754a06377d81259,Athletics & Sports,4f4528bc4b90abdf24c9de85,Sports Club,52e81612bcbc57f1066b7a2e,,,,
Outdoors & Recreation,4d4b7105d754a06377d81259,Athletics & Sports,4f4528bc4b90abdf24c9de85,Squash Court,52e81612bcbc57f1066b7a2d,,,,
Outdoors & Recreation,4d4b7105d754a06377d81259,Athletics & Sports,4f4528bc4b90abdf24c9de85,Tennis Court,4e39a956bd410d7aed40cbc3,,,,
Outdoors & Recreation,4d4b7105d754a06377d81259,Athletics & Sports,4f4528bc4b90abdf24c9de85,Volleyball Court,4eb1bf013b7b6f98df247e07,,,,
Outdoors & Recreation,4d4b7105d754a06377d81259,Bathing Area,52e81612bcbc57f1066b7a28,,,,,,
Outdoors & Recreation,4d4b7105d754a06377d81259,Bay,56aa371be4b08b9a8d573544,,,,,,
Outdoors & Recreation,4d4b7105d754a06377d81259,Beach,4bf58dd8d48988d1e2941735,Nudist Beach,52e81612bcbc57f1066b7a30,,,,
Outdoors & Recreation,4d4b7105d754a06377d81259,Beach,4bf58dd8d48988d1e2941735,Surf Spot,4bf58dd8d48988d1e3941735,,,,
Outdoors & Recreation,4d4b7105d754a06377d81259,Bike Trail,56aa371be4b08b9a8d57355e,,,,,,
Outdoors & Recreation,4d4b7105d754a06377d81259,Hiking Trail,,,,,,,
Outdoors & Recreation,4d4b7105d754a06377d81259,Botanical Garden,52e81612bcbc57f1066b7a22,,,,,,
Outdoors & Recreation,4d4b7105d754a06377d81259,Bridge,4bf58dd8d48988d1df941735,,,,,,
Outdoors & Recreation,4d4b7105d754a06377d81259,Campground,4bf58dd8d48988d1e4941735,,,,,,
Outdoors & Recreation,4d4b7105d754a06377d81259,Canal Lock,56aa371be4b08b9a8d57353b,,,,,,
Outdoors & Recreation,4d4b7105d754a06377d81259,Canal,56aa371be4b08b9a8d573562,,,,,,
Outdoors & Recreation,4d4b7105d754a06377d81259,Castle,50aaa49e4b90af0d42d5de11,,,,,,
Outdoors & Recreation,4d4b7105d754a06377d81259,Cave,56aa371be4b08b9a8d573511,,,,,,
Outdoors & Recreation,4d4b7105d754a06377d81259,Cemetery,4bf58dd8d48988d15c941735,,,,,,
Outdoors & Recreation,4d4b7105d754a06377d81259,Dive Spot,52e81612bcbc57f1066b7a12,,,,,,
Outdoors & Recreation,4d4b7105d754a06377d81259,Dog Run,4bf58dd8d48988d1e5941735,,,,,,
Outdoors & Recreation,4d4b7105d754a06377d81259,Farm,4bf58dd8d48988d15b941735,,,,,,
Outdoors & Recreation,4d4b7105d754a06377d81259,Field,4bf58dd8d48988d15f941735,,,,,,
Outdoors & Recreation,4d4b7105d754a06377d81259,Fishing Spot,52e81612bcbc57f1066b7a0f,,,,,,
Outdoors & Recreation,4d4b7105d754a06377d81259,Forest,52e81612bcbc57f1066b7a23,,,,,,
Outdoors & Recreation,4d4b7105d754a06377d81259,Fountain,56aa371be4b08b9a8d573547,,,,,,
Outdoors & Recreation,4d4b7105d754a06377d81259,Garden,4bf58dd8d48988d15a941735,,,,,,
Outdoors & Recreation,4d4b7105d754a06377d81259,Gun Range,52e81612bcbc57f1066b7a11,,,,,,
Outdoors & Recreation,4d4b7105d754a06377d81259,Harbor / Marina,4bf58dd8d48988d1e0941735,,,,,,
Outdoors & Recreation,4d4b7105d754a06377d81259,Hill,5bae9231bedf3950379f89cd,,,,,,
Outdoors & Recreation,4d4b7105d754a06377d81259,Hot Spring,4bf58dd8d48988d160941735,,,,,,
Outdoors & Recreation,4d4b7105d754a06377d81259,Indoor Play Area,5744ccdfe4b0c0459246b4b5,,,,,,
Outdoors & Recreation,4d4b7105d754a06377d81259,Island,50aaa4314b90af0d42d5de10,,,,,,
Outdoors & Recreation,4d4b7105d754a06377d81259,Lake,4bf58dd8d48988d161941735,,,,,,
Outdoors & Recreation,4d4b7105d754a06377d81259,Lighthouse,4bf58dd8d48988d15d941735,,,,,,
Outdoors & Recreation,4d4b7105d754a06377d81259,Mountain Hut,55a5a1ebe4b013909087cb77,,,,,,
Outdoors & Recreation,4d4b7105d754a06377d81259,Mountain,4eb1d4d54b900d56c88a45fc,,,,,,
Outdoors & Recreation,4d4b7105d754a06377d81259,National Park,52e81612bcbc57f1066b7a21,,,,,,
Outdoors & Recreation,4d4b7105d754a06377d81259,Nature Preserve,52e81612bcbc57f1066b7a13,,,,,,
Outdoors & Recreation,4d4b7105d754a06377d81259,Other Great Outdoors,4bf58dd8d48988d162941735,,,,,,
Outdoors & Recreation,4d4b7105d754a06377d81259,Palace,52e81612bcbc57f1066b7a14,,,,,,
Outdoors & Recreation,4d4b7105d754a06377d81259,Park,4bf58dd8d48988d163941735,,,,,,
Outdoors & Recreation,4d4b7105d754a06377d81259,Pedestrian Plaza,52e81612bcbc57f1066b7a25,,,,,,
Outdoors & Recreation,4d4b7105d754a06377d81259,Playground,4bf58dd8d48988d1e7941735,,,,,,
Outdoors & Recreation,4d4b7105d754a06377d81259,Plaza,4bf58dd8d48988d164941735,,,,,,
Outdoors & Recreation,4d4b7105d754a06377d81259,Pool,4bf58dd8d48988d15e941735,,,,,,
Outdoors & Recreation,4d4b7105d754a06377d81259,Rafting,52e81612bcbc57f1066b7a29,,,,,,
Outdoors & Recreation,4d4b7105d754a06377d81259,Recreation Center,52e81612bcbc57f1066b7a26,,,,,,
Outdoors & Recreation,4d4b7105d754a06377d81259,Reservoir,56aa371be4b08b9a8d573541,,,,,,
Outdoors & Recreation,4d4b7105d754a06377d81259,River,4eb1d4dd4b900d56c88a45fd,,,,,,
Outdoors & Recreation,4d4b7105d754a06377d81259,Rock Climbing Spot,50328a4b91d4c4b30a586d6b,,,,,,
Outdoors & Recreation,4d4b7105d754a06377d81259,Roof Deck,4bf58dd8d48988d133951735,,,,,,
Outdoors & Recreation,4d4b7105d754a06377d81259,Scenic Lookout,4bf58dd8d48988d165941735,,,,,,
Outdoors & Recreation,4d4b7105d754a06377d81259,Sculpture Garden,4bf58dd8d48988d166941735,,,,,,
Outdoors & Recreation,4d4b7105d754a06377d81259,Ski Area,4bf58dd8d48988d1e9941735,Apres Ski Bar,4bf58dd8d48988d1ea941735,,,,
Outdoors & Recreation,4d4b7105d754a06377d81259,Ski Area,4bf58dd8d48988d1e9941735,Ski Chairlift,4eb1c0ed3b7b52c0e1adc2ea,,,,
Outdoors & Recreation,4d4b7105d754a06377d81259,Ski Area,4bf58dd8d48988d1e9941735,Ski Chalet,4bf58dd8d48988d1ec941735,,,,
Outdoors & Recreation,4d4b7105d754a06377d81259,Ski Area,4bf58dd8d48988d1e9941735,Ski Lodge,4bf58dd8d48988d1eb941735,,,,
Outdoors & Recreation,4d4b7105d754a06377d81259,Ski Area,4bf58dd8d48988d1e9941735,Ski Trail,4eb1c0f63b7b52c0e1adc2eb,,,,
Outdoors & Recreation,4d4b7105d754a06377d81259,Skydiving Drop Zone,58daa1558bbb0b01f18ec1b9,,,,,,
Outdoors & Recreation,4d4b7105d754a06377d81259,Stables,4eb1baf03b7b2c5b1d4306ca,,,,,,
Outdoors & Recreation,4d4b7105d754a06377d81259,State / Provincial Park,5bae9231bedf3950379f89d0,,,,,,
Outdoors & Recreation,4d4b7105d754a06377d81259,States & Municipalities,530e33ccbcbc57f1066bbfe4,City,50aa9e094b90af0d42d5de0d,,,,
Outdoors & Recreation,4d4b7105d754a06377d81259,States & Municipalities,530e33ccbcbc57f1066bbfe4,County,5345731ebcbc57f1066c39b2,,,,
Outdoors & Recreation,4d4b7105d754a06377d81259,States & Municipalities,530e33ccbcbc57f1066bbfe4,Country,530e33ccbcbc57f1066bbff7,,,,
Outdoors & Recreation,4d4b7105d754a06377d81259,States & Municipalities,530e33ccbcbc57f1066bbfe4,Neighborhood,4f2a25ac4b909258e854f55f,,,,
Outdoors & Recreation,4d4b7105d754a06377d81259,States & Municipalities,530e33ccbcbc57f1066bbfe4,State,530e33ccbcbc57f1066bbff8,,,,
Outdoors & Recreation,4d4b7105d754a06377d81259,States & Municipalities,530e33ccbcbc57f1066bbfe4,Town,530e33ccbcbc57f1066bbff3,,,,
Outdoors & Recreation,4d4b7105d754a06377d81259,States & Municipalities,530e33ccbcbc57f1066bbfe4,Village,530e33ccbcbc57f1066bbff9,,,,
Outdoors & Recreation,4d4b7105d754a06377d81259,Summer Camp,52e81612bcbc57f1066b7a10,,,,,,
Outdoors & Recreation,4d4b7105d754a06377d81259,Trail,4bf58dd8d48988d159941735,,,,,,
Outdoors & Recreation,4d4b7105d754a06377d81259,Tree,52e81612bcbc57f1066b7a24,,,,,,
Outdoors & Recreation,4d4b7105d754a06377d81259,Vineyard,4bf58dd8d48988d1de941735,,,,,,
Outdoors & Recreation,4d4b7105d754a06377d81259,Volcano,5032848691d4c4b30a586d61,,,,,,
Outdoors & Recreation,4d4b7105d754a06377d81259,Waterfall,56aa371be4b08b9a8d573560,,,,,,
Outdoors & Recreation,4d4b7105d754a06377d81259,Waterfront,56aa371be4b08b9a8d5734c3,,,,,,
Outdoors & Recreation,4d4b7105d754a06377d81259,Well,4fbc1be21983fc883593e321,,,,,,
Outdoors & Recreation,4d4b7105d754a06377d81259,Windmill,5bae9231bedf3950379f89c7,,,,,,
Professional & Other Places,4d4b7105d754a06375d81259,Professional & Other Places,4d4b7105d754a06375d81259,,,,,,
Professional & Other Places,4d4b7105d754a06375d81259,Animal Shelter,4e52d2d203646f7c19daa8ae,,,,,,
Professional & Other Places,4d4b7105d754a06375d81259,Art Studio,58daa1558bbb0b01f18ec1d6,,,,,,
Professional & Other Places,4d4b7105d754a06375d81259,Auditorium,4bf58dd8d48988d173941735,,,,,,
Professional & Other Places,4d4b7105d754a06375d81259,Ballroom,56aa371be4b08b9a8d5734cf,,,,,,
Professional & Other Places,4d4b7105d754a06375d81259,Building,4bf58dd8d48988d130941735,,,,,,
Professional & Other Places,4d4b7105d754a06375d81259,Business Center,56aa371be4b08b9a8d573517,,,,,,
Professional & Other Places,4d4b7105d754a06375d81259,Club House,52e81612bcbc57f1066b7a35,,,,,,
Professional & Other Places,4d4b7105d754a06375d81259,Community Center,52e81612bcbc57f1066b7a34,,,,,,
Professional & Other Places,4d4b7105d754a06375d81259,Convention Center,4bf58dd8d48988d1ff931735,Meeting Room,4bf58dd8d48988d100941735,,,,
Professional & Other Places,4d4b7105d754a06375d81259,Cultural Center,52e81612bcbc57f1066b7a32,,,,,,
Professional & Other Places,4d4b7105d754a06375d81259,Distillery,4e0e22f5a56208c4ea9a85a0,,,,,,
Professional & Other Places,4d4b7105d754a06375d81259,Distribution Center,52e81612bcbc57f1066b7a37,,,,,,
Professional & Other Places,4d4b7105d754a06375d81259,Event Space,4bf58dd8d48988d171941735,Outdoor Event Space,56aa371be4b08b9a8d57356a,,,,
Professional & Other Places,4d4b7105d754a06375d81259,Factory,4eb1bea83b7b6f98df247e06,,,,,,
Professional & Other Places,4d4b7105d754a06375d81259,Fair,4eb1daf44b900d56c88a4600,,,,,,
Professional & Other Places,4d4b7105d754a06375d81259,Funeral Home,4f4534884b9074f6e4fb0174,,,,,,
Professional & Other Places,4d4b7105d754a06375d81259,Government Building,4bf58dd8d48988d126941735,Capitol Building,4bf58dd8d48988d12a941735,,,,
Professional & Other Places,4d4b7105d754a06375d81259,Government Building,4bf58dd8d48988d126941735,City Hall,4bf58dd8d48988d129941735,,,,
Professional & Other Places,4d4b7105d754a06375d81259,Government Building,4bf58dd8d48988d126941735,Courthouse,4bf58dd8d48988d12b941735,,,,
Professional & Other Places,4d4b7105d754a06375d81259,Government Building,4bf58dd8d48988d126941735,Embassy / Consulate,4bf58dd8d48988d12c951735,,,,
Professional & Other Places,4d4b7105d754a06375d81259,Government Building,4bf58dd8d48988d126941735,Fire Station,4bf58dd8d48988d12c941735,,,,
Professional & Other Places,4d4b7105d754a06375d81259,Government Building,4bf58dd8d48988d126941735,Monument / Landmark,4bf58dd8d48988d12d941735,,,,
Professional & Other Places,4d4b7105d754a06375d81259,Government Building,4bf58dd8d48988d126941735,Police Station,4bf58dd8d48988d12e941735,,,,
Professional & Other Places,4d4b7105d754a06375d81259,Government Building,4bf58dd8d48988d126941735,Town Hall,52e81612bcbc57f1066b7a38,,,,
Professional & Other Places,4d4b7105d754a06375d81259,Industrial Estate,56aa371be4b08b9a8d5734d7,,,,,,
Professional & Other Places,4d4b7105d754a06375d81259,Laboratory,5744ccdfe4b0c0459246b4d6,,,,,,
Professional & Other Places,4d4b7105d754a06375d81259,Library,4bf58dd8d48988d12f941735,,,,,,
Professional & Other Places,4d4b7105d754a06375d81259,Medical Center,4bf58dd8d48988d104941735,Acupuncturist,52e81612bcbc57f1066b7a3b,,,,
Professional & Other Places,4d4b7105d754a06375d81259,Medical Center,4bf58dd8d48988d104941735,Alternative Healer,52e81612bcbc57f1066b7a3c,,,,
Professional & Other Places,4d4b7105d754a06375d81259,Medical Center,4bf58dd8d48988d104941735,Chiropractor,52e81612bcbc57f1066b7a3a,,,,
Professional & Other Places,4d4b7105d754a06375d81259,Medical Center,4bf58dd8d48988d104941735,Dentist's Office,4bf58dd8d48988d178941735,,,,
Professional & Other Places,4d4b7105d754a06375d81259,Medical Center,4bf58dd8d48988d104941735,Doctor's Office,4bf58dd8d48988d177941735,,,,
Professional & Other Places,4d4b7105d754a06375d81259,Medical Center,4bf58dd8d48988d104941735,Emergency Room,4bf58dd8d48988d194941735,,,,
Professional & Other Places,4d4b7105d754a06375d81259,Medical Center,4bf58dd8d48988d104941735,Eye Doctor,522e32fae4b09b556e370f19,,,,
Professional & Other Places,4d4b7105d754a06375d81259,Medical Center,4bf58dd8d48988d104941735,Hospital,4bf58dd8d48988d196941735,Hospital Ward,58daa1558bbb0b01f18ec1f7,,
Professional & Other Places,4d4b7105d754a06375d81259,Medical Center,4bf58dd8d48988d104941735,Maternity Clinic,56aa371be4b08b9a8d5734ff,,,,
Professional & Other Places,4d4b7105d754a06375d81259,Medical Center,4bf58dd8d48988d104941735,Medical Lab,4f4531b14b9074f6e4fb0103,,,,
Professional & Other Places,4d4b7105d754a06375d81259,Medical Center,4bf58dd8d48988d104941735,Mental Health Office,52e81612bcbc57f1066b7a39,,,,
Professional & Other Places,4d4b7105d754a06375d81259,Medical Center,4bf58dd8d48988d104941735,Nutritionist,58daa1558bbb0b01f18ec1d0,,,,
Professional & Other Places,4d4b7105d754a06375d81259,Medical Center,4bf58dd8d48988d104941735,Physical Therapist,5744ccdfe4b0c0459246b4af,,,,
Professional & Other Places,4d4b7105d754a06375d81259,Medical Center,4bf58dd8d48988d104941735,Rehab Center,56aa371be4b08b9a8d57351d,,,,
Professional & Other Places,4d4b7105d754a06375d81259,Medical Center,4bf58dd8d48988d104941735,Urgent Care Center,56aa371be4b08b9a8d573526,,,,
Professional & Other Places,4d4b7105d754a06375d81259,Medical Center,4bf58dd8d48988d104941735,Veterinarian,4d954af4a243a5684765b473,,,,
Professional & Other Places,4d4b7105d754a06375d81259,Military Base,4e52adeebd41615f56317744,,,,,,
Professional & Other Places,4d4b7105d754a06375d81259,Non-Profit,50328a8e91d4c4b30a586d6c,,,,,,
Professional & Other Places,4d4b7105d754a06375d81259,Observatory,5744ccdfe4b0c0459246b4d9,,,,,,
Professional & Other Places,4d4b7105d754a06375d81259,Office,4bf58dd8d48988d124941735,Advertising Agency,52e81612bcbc57f1066b7a3d,,,,
Professional & Other Places,4d4b7105d754a06375d81259,Office,4bf58dd8d48988d124941735,Campaign Office,5032764e91d4c4b30a586d5a,,,,
Professional & Other Places,4d4b7105d754a06375d81259,Office,4bf58dd8d48988d124941735,Conference Room,4bf58dd8d48988d127941735,,,,
Professional & Other Places,4d4b7105d754a06375d81259,Office,4bf58dd8d48988d124941735,Corporate Amenity,5665ef1d498ec706735f0e59,,,,
Professional & Other Places,4d4b7105d754a06375d81259,Office,4bf58dd8d48988d124941735,Corporate Cafeteria,54f4ba06498e2cf5561da814,,,,
Professional & Other Places,4d4b7105d754a06375d81259,Office,4bf58dd8d48988d124941735,Corporate Coffee Shop,5665c7b9498e7d8a4f2c0f06,,,,
Professional & Other Places,4d4b7105d754a06375d81259,Office,4bf58dd8d48988d124941735,Coworking Space,4bf58dd8d48988d174941735,,,,
Professional & Other Places,4d4b7105d754a06375d81259,Office,4bf58dd8d48988d124941735,Tech Startup,4bf58dd8d48988d125941735,,,,
Professional & Other Places,4d4b7105d754a06375d81259,Parking,4c38df4de52ce0d596b336e1,,,,,,
Professional & Other Places,4d4b7105d754a06375d81259,Post Office,4bf58dd8d48988d172941735,,,,,,
Professional & Other Places,4d4b7105d754a06375d81259,Power Plant,58daa1548bbb0b01f18ec1a9,,,,,,
Professional & Other Places,4d4b7105d754a06375d81259,Prison,5310b8e5bcbc57f1066bcbf1,,,,,,
Professional & Other Places,4d4b7105d754a06375d81259,Radio Station,5032856091d4c4b30a586d63,,,,,,
Professional & Other Places,4d4b7105d754a06375d81259,Recruiting Agency,52f2ab2ebcbc57f1066b8b57,,,,,,
Professional & Other Places,4d4b7105d754a06375d81259,Research Station,58daa1558bbb0b01f18ec1b2,,,,,,
Professional & Other Places,4d4b7105d754a06375d81259,School,4bf58dd8d48988d13b941735,Adult Education Center,56aa371ce4b08b9a8d573570,,,,
Professional & Other Places,4d4b7105d754a06375d81259,School,4bf58dd8d48988d13b941735,Circus School,52e81612bcbc57f1066b7a43,,,,
Professional & Other Places,4d4b7105d754a06375d81259,School,4bf58dd8d48988d13b941735,Cooking School,58daa1558bbb0b01f18ec200,,,,
Professional & Other Places,4d4b7105d754a06375d81259,School,4bf58dd8d48988d13b941735,Driving School,52e81612bcbc57f1066b7a42,,,,
Professional & Other Places,4d4b7105d754a06375d81259,School,4bf58dd8d48988d13b941735,Elementary School,4f4533804b9074f6e4fb0105,,,,
Professional & Other Places,4d4b7105d754a06375d81259,School,4bf58dd8d48988d13b941735,Flight School,52e81612bcbc57f1066b7a49,,,,
Professional & Other Places,4d4b7105d754a06375d81259,School,4bf58dd8d48988d13b941735,High School,4bf58dd8d48988d13d941735,,,,
Professional & Other Places,4d4b7105d754a06375d81259,School,4bf58dd8d48988d13b941735,Language School,52e81612bcbc57f1066b7a48,,,,
Professional & Other Places,4d4b7105d754a06375d81259,School,4bf58dd8d48988d13b941735,Middle School,4f4533814b9074f6e4fb0106,,,,
Professional & Other Places,4d4b7105d754a06375d81259,School,4bf58dd8d48988d13b941735,Music School,4f04b10d2fb6e1c99f3db0be,,,,
Professional & Other Places,4d4b7105d754a06375d81259,School,4bf58dd8d48988d13b941735,Nursery School,4f4533814b9074f6e4fb0107,,,,
Professional & Other Places,4d4b7105d754a06375d81259,School,4bf58dd8d48988d13b941735,Preschool,52e81612bcbc57f1066b7a45,,,,
Professional & Other Places,4d4b7105d754a06375d81259,School,4bf58dd8d48988d13b941735,Private School,52e81612bcbc57f1066b7a46,,,,
Professional & Other Places,4d4b7105d754a06375d81259,School,4bf58dd8d48988d13b941735,Religious School,52e81612bcbc57f1066b7a47,,,,
Professional & Other Places,4d4b7105d754a06375d81259,School,4bf58dd8d48988d13b941735,Swim School,52e81612bcbc57f1066b7a44,,,,
Professional & Other Places,4d4b7105d754a06375d81259,Social Club,52e81612bcbc57f1066b7a33,,,,,,
Professional & Other Places,4d4b7105d754a06375d81259,Spiritual Center,4bf58dd8d48988d131941735,Buddhist Temple,52e81612bcbc57f1066b7a3e,,,,
Professional & Other Places,4d4b7105d754a06375d81259,Spiritual Center,4bf58dd8d48988d131941735,Cemevi,58daa1558bbb0b01f18ec1eb,,,,
Professional & Other Places,4d4b7105d754a06375d81259,Spiritual Center,4bf58dd8d48988d131941735,Church,4bf58dd8d48988d132941735,,,,
Professional & Other Places,4d4b7105d754a06375d81259,Spiritual Center,4bf58dd8d48988d131941735,Confucian Temple,56aa371be4b08b9a8d5734fc,,,,
Professional & Other Places,4d4b7105d754a06375d81259,Spiritual Center,4bf58dd8d48988d131941735,Hindu Temple,52e81612bcbc57f1066b7a3f,,,,
Professional & Other Places,4d4b7105d754a06375d81259,Spiritual Center,4bf58dd8d48988d131941735,Kingdom Hall,5744ccdfe4b0c0459246b4ac,,,,
Professional & Other Places,4d4b7105d754a06375d81259,Spiritual Center,4bf58dd8d48988d131941735,Monastery,52e81612bcbc57f1066b7a40,,,,
Professional & Other Places,4d4b7105d754a06375d81259,Spiritual Center,4bf58dd8d48988d131941735,Mosque,4bf58dd8d48988d138941735,,,,
Professional & Other Places,4d4b7105d754a06375d81259,Spiritual Center,4bf58dd8d48988d131941735,Prayer Room,52e81612bcbc57f1066b7a41,,,,
Professional & Other Places,4d4b7105d754a06375d81259,Spiritual Center,4bf58dd8d48988d131941735,Shrine,4eb1d80a4b900d56c88a45ff,,,,
Professional & Other Places,4d4b7105d754a06375d81259,Spiritual Center,4bf58dd8d48988d131941735,Sikh Temple,5bae9231bedf3950379f89c9,,,,
Professional & Other Places,4d4b7105d754a06375d81259,Spiritual Center,4bf58dd8d48988d131941735,Synagogue,4bf58dd8d48988d139941735,,,,
Professional & Other Places,4d4b7105d754a06375d81259,Spiritual Center,4bf58dd8d48988d131941735,Temple,4bf58dd8d48988d13a941735,,,,
Professional & Other Places,4d4b7105d754a06375d81259,Spiritual Center,4bf58dd8d48988d131941735,Terreiro,56aa371be4b08b9a8d5734f6,,,,
Professional & Other Places,4d4b7105d754a06375d81259,TV Station,52e81612bcbc57f1066b7a31,,,,,,
Professional & Other Places,4d4b7105d754a06375d81259,Voting Booth,4cae28ecbf23941eb1190695,,,,,,
Professional & Other Places,4d4b7105d754a06375d81259,Warehouse,52e81612bcbc57f1066b7a36,,,,,,
Professional & Other Places,4d4b7105d754a06375d81259,Waste Facility,58daa1558bbb0b01f18ec1ac,,,,,,
Professional & Other Places,4d4b7105d754a06375d81259,Wedding Hall,56aa371be4b08b9a8d5734c5,,,,,,
Professional & Other Places,4d4b7105d754a06375d81259,Winery,4bf58dd8d48988d14b941735,,,,,,
Residence,4e67e38e036454776db1fb3a,Residence,4e67e38e036454776db1fb3a,,,,,,
Residence,4e67e38e036454776db1fb3a,Assisted Living,5032891291d4c4b30a586d68,,,,,,
Residence,4e67e38e036454776db1fb3a,Home (private),4bf58dd8d48988d103941735,,,,,,
Residence,4e67e38e036454776db1fb3a,Housing Development,4f2a210c4b9023bd5841ed28,,,,,,
Residence,4e67e38e036454776db1fb3a,Residential Building (Apartment / Condo),4d954b06a243a5684965b473,,,,,,
Residence,4e67e38e036454776db1fb3a,Trailer Park,52f2ab2ebcbc57f1066b8b55,,,,,,
Shop & Service,4d4b7105d754a06378d81259,Shop & Service,4d4b7105d754a06378d81259,,,,,,
Shop & Service,4d4b7105d754a06378d81259,ATM,52f2ab2ebcbc57f1066b8b56,,,,,,
Shop & Service,4d4b7105d754a06378d81259,Adult Boutique,5267e446e4b0ec79466e48c4,,,,,,
Shop & Service,4d4b7105d754a06378d81259,Antique Shop,4bf58dd8d48988d116951735,,,,,,
Shop & Service,4d4b7105d754a06378d81259,Arts & Crafts Store,4bf58dd8d48988d127951735,,,,,,
Shop & Service,4d4b7105d754a06378d81259,Astrologer,52f2ab2ebcbc57f1066b8b43,,,,,,
Shop & Service,4d4b7105d754a06378d81259,Auto Dealership,4eb1c1623b7b52c0e1adc2ec,,,,,,
Shop & Service,4d4b7105d754a06378d81259,Auto Garage,52f2ab2ebcbc57f1066b8b44,,,,,,
Shop & Service,4d4b7105d754a06378d81259,Auto Workshop,56aa371be4b08b9a8d5734d3,,,,,,
Shop & Service,4d4b7105d754a06378d81259,Automotive Shop,4bf58dd8d48988d124951735,,,,,,
Shop & Service,4d4b7105d754a06378d81259,Baby Store,52f2ab2ebcbc57f1066b8b32,,,,,,
Shop & Service,4d4b7105d754a06378d81259,Bank,4bf58dd8d48988d10a951735,,,,,,
Shop & Service,4d4b7105d754a06378d81259,Bath House,52e81612bcbc57f1066b7a27,,,,,,
Shop & Service,4d4b7105d754a06378d81259,Batik Shop,56aa371be4b08b9a8d5734cb,,,,,,
Shop & Service,4d4b7105d754a06378d81259,Betting Shop,52f2ab2ebcbc57f1066b8b40,,,,,,
Shop & Service,4d4b7105d754a06378d81259,Big Box Store,52f2ab2ebcbc57f1066b8b42,,,,,,
Shop & Service,4d4b7105d754a06378d81259,Bike Shop,4bf58dd8d48988d115951735,,,,,,
Shop & Service,4d4b7105d754a06378d81259,Board Shop,4bf58dd8d48988d1f1941735,,,,,,
Shop & Service,4d4b7105d754a06378d81259,Bookstore,4bf58dd8d48988d114951735,,,,,,
Shop & Service,4d4b7105d754a06378d81259,Bridal Shop,4bf58dd8d48988d11a951735,,,,,,
Shop & Service,4d4b7105d754a06378d81259,Business Service,5453de49498eade8af355881,,,,,,
Shop & Service,4d4b7105d754a06378d81259,Camera Store,4eb1bdf03b7b55596b4a7491,,,,,,
Shop & Service,4d4b7105d754a06378d81259,Candy Store,4bf58dd8d48988d117951735,,,,,,
Shop & Service,4d4b7105d754a06378d81259,Car Wash,4f04ae1f2fb6e1c99f3db0ba,,,,,,
Shop & Service,4d4b7105d754a06378d81259,Car Dealership,,,,,,,
Shop & Service,4d4b7105d754a06378d81259,Carpet Store,52f2ab2ebcbc57f1066b8b2a,,,,,,
Shop & Service,4d4b7105d754a06378d81259,Check Cashing Service,52f2ab2ebcbc57f1066b8b2d,,,,,,
Shop & Service,4d4b7105d754a06378d81259,Child Care Service,5744ccdfe4b0c0459246b4c7,Daycare,4f4532974b9074f6e4fb0104,,,,
Shop & Service,4d4b7105d754a06378d81259,Chocolate Shop,52f2ab2ebcbc57f1066b8b31,,,,,,
Shop & Service,4d4b7105d754a06378d81259,Clothing Store,4bf58dd8d48988d103951735,Accessories Store,4bf58dd8d48988d102951735,,,,
Shop & Service,4d4b7105d754a06378d81259,Clothing Store,4bf58dd8d48988d103951735,Boutique,4bf58dd8d48988d104951735,,,,
Shop & Service,4d4b7105d754a06378d81259,Clothing Store,4bf58dd8d48988d103951735,Kids Store,4bf58dd8d48988d105951735,,,,
Shop & Service,4d4b7105d754a06378d81259,Clothing Store,4bf58dd8d48988d103951735,Lingerie Store,4bf58dd8d48988d109951735,,,,
Shop & Service,4d4b7105d754a06378d81259,Clothing Store,4bf58dd8d48988d103951735,Men's Store,4bf58dd8d48988d106951735,,,,
Shop & Service,4d4b7105d754a06378d81259,Clothing Store,4bf58dd8d48988d103951735,Shoe Store,4bf58dd8d48988d107951735,,,,
Shop & Service,4d4b7105d754a06378d81259,Clothing Store,4bf58dd8d48988d103951735,Women's Store,4bf58dd8d48988d108951735,,,,
Shop & Service,4d4b7105d754a06378d81259,Comic Shop,52f2ab2ebcbc57f1066b8b18,,,,,,
Shop & Service,4d4b7105d754a06378d81259,Construction & Landscaping,5454144b498ec1f095bff2f2,,,,,,
Shop & Service,4d4b7105d754a06378d81259,Convenience Store,4d954b0ea243a5684a65b473,,,,,,
Shop & Service,4d4b7105d754a06378d81259,Cosmetics Shop,4bf58dd8d48988d10c951735,,,,,,
Shop & Service,4d4b7105d754a06378d81259,Costume Shop,52f2ab2ebcbc57f1066b8b17,,,,,,
Shop & Service,4d4b7105d754a06378d81259,Credit Union,5032850891d4c4b30a586d62,,,,,,
Shop & Service,4d4b7105d754a06378d81259,Currency Exchange,5744ccdfe4b0c0459246b4be,,,,,,
Shop & Service,4d4b7105d754a06378d81259,Department Store,4bf58dd8d48988d1f6941735,,,,,,
Shop & Service,4d4b7105d754a06378d81259,Design Studio,4bf58dd8d48988d1f4941735,,,,,,
Shop & Service,4d4b7105d754a06378d81259,Discount Store,52dea92d3cf9994f4e043dbb,,,,,,
Shop & Service,4d4b7105d754a06378d81259,Dive Shop,52f2ab2ebcbc57f1066b8b1a,,,,,,
Shop & Service,4d4b7105d754a06378d81259,Drugstore,5745c2e4498e11e7bccabdbd,,,,,,
Shop & Service,4d4b7105d754a06378d81259,Drugstore / Pharmacy,5745c2e4498e11e7bccabdbd,,,,,,
Shop & Service,4d4b7105d754a06378d81259,Dry Cleaner,52f2ab2ebcbc57f1066b8b1d,,,,,,
Shop & Service,4d4b7105d754a06378d81259,EV Charging Station,5032872391d4c4b30a586d64,,,,,,
Shop & Service,4d4b7105d754a06378d81259,Electronics Store,4bf58dd8d48988d122951735,,,,,,
Shop & Service,4d4b7105d754a06378d81259,Entertainment Service,56aa371be4b08b9a8d573554,,,,,,
Shop & Service,4d4b7105d754a06378d81259,Event Service,5454152e498ef71e2b9132c6,,,,,,
Shop & Service,4d4b7105d754a06378d81259,Fabric Shop,52f2ab2ebcbc57f1066b8b26,,,,,,
Shop & Service,4d4b7105d754a06378d81259,Film Studio,56aa371be4b08b9a8d573523,,,,,,
Shop & Service,4d4b7105d754a06378d81259,Financial or Legal Service,503287a291d4c4b30a586d65,,,,,,
Shop & Service,4d4b7105d754a06378d81259,Fireworks Store,52f2ab2ebcbc57f1066b8b3a,,,,,,
Shop & Service,4d4b7105d754a06378d81259,Fishing Store,52f2ab2ebcbc57f1066b8b16,,,,,,
Shop & Service,4d4b7105d754a06378d81259,Flea Market,4bf58dd8d48988d1f7941735,,,,,,
Shop & Service,4d4b7105d754a06378d81259,Floating Market,56aa371be4b08b9a8d573505,,,,,,
Shop & Service,4d4b7105d754a06378d81259,Flower Shop,4bf58dd8d48988d11b951735,,,,,,
Shop & Service,4d4b7105d754a06378d81259,Food & Drink Shop,4bf58dd8d48988d1f9941735,Beer Store,5370f356bcbc57f1066c94c2,,,,
Shop & Service,4d4b7105d754a06378d81259,Food & Drink Shop,4bf58dd8d48988d1f9941735,Butcher,4bf58dd8d48988d11d951735,,,,
Shop & Service,4d4b7105d754a06378d81259,Food & Drink Shop,4bf58dd8d48988d1f9941735,Cheese Shop,4bf58dd8d48988d11e951735,,,,
Shop & Service,4d4b7105d754a06378d81259,Food & Drink Shop,4bf58dd8d48988d1f9941735,Dairy Store,58daa1558bbb0b01f18ec1ca,,,,
Shop & Service,4d4b7105d754a06378d81259,Food & Drink Shop,4bf58dd8d48988d1f9941735,Farmers Market,4bf58dd8d48988d1fa941735,,,,
Shop & Service,4d4b7105d754a06378d81259,Food & Drink Shop,4bf58dd8d48988d1f9941735,Fish Market,4bf58dd8d48988d10e951735,,,,
Shop & Service,4d4b7105d754a06378d81259,Food & Drink Shop,4bf58dd8d48988d1f9941735,Food Service,56aa371be4b08b9a8d573550,,,,
Shop & Service,4d4b7105d754a06378d81259,Food & Drink Shop,4bf58dd8d48988d1f9941735,Gourmet Shop,4bf58dd8d48988d1f5941735,,,,
Shop & Service,4d4b7105d754a06378d81259,Food & Drink Shop,4bf58dd8d48988d1f9941735,Grocery Store,4bf58dd8d48988d118951735,,,,
Shop & Service,4d4b7105d754a06378d81259,Food & Drink Shop,4bf58dd8d48988d1f9941735,Health Food Store,50aa9e744b90af0d42d5de0e,,,,
Shop & Service,4d4b7105d754a06378d81259,Food & Drink Shop,4bf58dd8d48988d1f9941735,Kuruyemişçi,58daa1558bbb0b01f18ec1e8,,,,
Shop & Service,4d4b7105d754a06378d81259,Food & Drink Shop,4bf58dd8d48988d1f9941735,Liquor Store,4bf58dd8d48988d186941735,,,,
Shop & Service,4d4b7105d754a06378d81259,Food & Drink Shop,4bf58dd8d48988d1f9941735,Organic Grocery,52f2ab2ebcbc57f1066b8b45,,,,
Shop & Service,4d4b7105d754a06378d81259,Food & Drink Shop,4bf58dd8d48988d1f9941735,Sausage Shop,56aa371be4b08b9a8d573564,,,,
Shop & Service,4d4b7105d754a06378d81259,Food & Drink Shop,4bf58dd8d48988d1f9941735,Street Food Gathering,53e0feef498e5aac066fd8a9,,,,
Shop & Service,4d4b7105d754a06378d81259,Food & Drink Shop,4bf58dd8d48988d1f9941735,Supermarket,52f2ab2ebcbc57f1066b8b46,,,,
Shop & Service,4d4b7105d754a06378d81259,Food & Drink Shop,4bf58dd8d48988d1f9941735,Turşucu,58daa1558bbb0b01f18ec1e5,,,,
Shop & Service,4d4b7105d754a06378d81259,Food & Drink Shop,4bf58dd8d48988d1f9941735,Wine Shop,4bf58dd8d48988d119951735,,,,
Shop & Service,4d4b7105d754a06378d81259,Frame Store,52f2ab2ebcbc57f1066b8b24,,,,,,
Shop & Service,4d4b7105d754a06378d81259,Fruit & Vegetable Store,52f2ab2ebcbc57f1066b8b1c,,,,,,
Shop & Service,4d4b7105d754a06378d81259,Furniture / Home Store,4bf58dd8d48988d1f8941735,Lighting Store,55888a5a498e782e3303b43a,,,,
Shop & Service,4d4b7105d754a06378d81259,Gaming Cafe,4bf58dd8d48988d18d941735,,,,,,
Shop & Service,4d4b7105d754a06378d81259,Garden Center,4eb1c0253b7b52c0e1adc2e9,,,,,,
Shop & Service,4d4b7105d754a06378d81259,Gas Station,4bf58dd8d48988d113951735,,,,,,
Shop & Service,4d4b7105d754a06378d81259,Gas Station / Garage,4bf58dd8d48988d113951735,,,,,,
Shop & Service,4d4b7105d754a06378d81259,Gift Shop,4bf58dd8d48988d128951735,,,,,,
Shop & Service,4d4b7105d754a06378d81259,Gun Shop,52f2ab2ebcbc57f1066b8b19,,,,,,
Shop & Service,4d4b7105d754a06378d81259,Hardware Store,4bf58dd8d48988d112951735,,,,,,
Shop & Service,4d4b7105d754a06378d81259,Health & Beauty Service,54541900498ea6ccd0202697,,,,,,
Shop & Service,4d4b7105d754a06378d81259,Herbs & Spices Store,52f2ab2ebcbc57f1066b8b2c,,,,,,
Shop & Service,4d4b7105d754a06378d81259,Hobby Shop,4bf58dd8d48988d1fb941735,,,,,,
Shop & Service,4d4b7105d754a06378d81259,Home Service,545419b1498ea6ccd0202f58,,,,,,
Shop & Service,4d4b7105d754a06378d81259,Hunting Supply,50aaa5234b90af0d42d5de12,,,,,,
Shop & Service,4d4b7105d754a06378d81259,IT Services,52f2ab2ebcbc57f1066b8b36,,,,,,
Shop & Service,4d4b7105d754a06378d81259,Insurance Office,58daa1558bbb0b01f18ec1f1,,,,,,
Shop & Service,4d4b7105d754a06378d81259,Internet Cafe,4bf58dd8d48988d1f0941735,,,,,,
Shop & Service,4d4b7105d754a06378d81259,Jewelry Store,4bf58dd8d48988d111951735,,,,,,
Shop & Service,4d4b7105d754a06378d81259,Kitchen Supply Store,58daa1558bbb0b01f18ec1b4,,,,,,
Shop & Service,4d4b7105d754a06378d81259,Knitting Store,52f2ab2ebcbc57f1066b8b25,,,,,,
Shop & Service,4d4b7105d754a06378d81259,Laundromat,52f2ab2ebcbc57f1066b8b33,,,,,,
Shop & Service,4d4b7105d754a06378d81259,Laundry Service,4bf58dd8d48988d1fc941735,,,,,,
Shop & Service,4d4b7105d754a06378d81259,Lawyer,52f2ab2ebcbc57f1066b8b3f,,,,,,
Shop & Service,4d4b7105d754a06378d81259,Leather Goods Store,52f2ab2ebcbc57f1066b8b2b,,,,,,
Shop & Service,4d4b7105d754a06378d81259,Locksmith,52f2ab2ebcbc57f1066b8b1e,,,,,,
Shop & Service,4d4b7105d754a06378d81259,Lottery Retailer,52f2ab2ebcbc57f1066b8b38,,,,,,
Shop & Service,4d4b7105d754a06378d81259,Luggage Store,52f2ab2ebcbc57f1066b8b29,,,,,,
Shop & Service,4d4b7105d754a06378d81259,Marijuana Dispensary,52c71aaf3cf9994f4e043d17,,,,,,
Shop & Service,4d4b7105d754a06378d81259,Market,50be8ee891d4fa8dcc7199a7,,,,,,
Shop & Service,4d4b7105d754a06378d81259,Massage Studio,52f2ab2ebcbc57f1066b8b3c,,,,,,
Shop & Service,4d4b7105d754a06378d81259,Mattress Store,52f2ab2ebcbc57f1066b8b27,,,,,,
Shop & Service,4d4b7105d754a06378d81259,Medical Supply Store,58daa1558bbb0b01f18ec206,,,,,,
Shop & Service,4d4b7105d754a06378d81259,Miscellaneous Shop,4bf58dd8d48988d1ff941735,,,,,,
Shop & Service,4d4b7105d754a06378d81259,Mobile Phone Shop,4f04afc02fb6e1c99f3db0bc,,,,,,
Shop & Service,4d4b7105d754a06378d81259,Mobility Store,56aa371be4b08b9a8d57354a,,,,,,
Shop & Service,4d4b7105d754a06378d81259,Motorcycle Shop,5032833091d4c4b30a586d60,,,,,,
Shop & Service,4d4b7105d754a06378d81259,Motorsports Shop,59d79d6b2e268052fa2a3332,,,,,,
Shop & Service,4d4b7105d754a06378d81259,Music Store,4bf58dd8d48988d1fe941735,,,,,,
Shop & Service,4d4b7105d754a06378d81259,Nail Salon,4f04aa0c2fb6e1c99f3db0b8,,,,,,
Shop & Service,4d4b7105d754a06378d81259,Newsstand,4f04ad622fb6e1c99f3db0b9,,,,,,
Shop & Service,4d4b7105d754a06378d81259,Notary,5ae95d208a6f17002ce792b2,,,,,,
Shop & Service,4d4b7105d754a06378d81259,Optical Shop,4d954afda243a5684865b473,,,,,,
Shop & Service,4d4b7105d754a06378d81259,Other Repair Shop,52f2ab2ebcbc57f1066b8b2f,,,,,,
Shop & Service,4d4b7105d754a06378d81259,Outdoor Supply Store,52f2ab2ebcbc57f1066b8b22,,,,,,
Shop & Service,4d4b7105d754a06378d81259,Outlet Mall,5744ccdfe4b0c0459246b4df,,,,,,
Shop & Service,4d4b7105d754a06378d81259,Outlet Store,52f2ab2ebcbc57f1066b8b35,,,,,,
Shop & Service,4d4b7105d754a06378d81259,Paper / Office Supplies Store,4bf58dd8d48988d121951735,,,,,,
Shop & Service,4d4b7105d754a06378d81259,Pawn Shop,52f2ab2ebcbc57f1066b8b34,,,,,,
Shop & Service,4d4b7105d754a06378d81259,Perfume Shop,52f2ab2ebcbc57f1066b8b23,,,,,,
Shop & Service,4d4b7105d754a06378d81259,Pet Service,5032897c91d4c4b30a586d69,,,,,,
Shop & Service,4d4b7105d754a06378d81259,Pet Store,4bf58dd8d48988d100951735,,,,,,
Shop & Service,4d4b7105d754a06378d81259,Pharmacy,4bf58dd8d48988d10f951735,,,,,,
Shop & Service,4d4b7105d754a06378d81259,Photography Lab,4eb1bdde3b7b55596b4a7490,,,,,,
Shop & Service,4d4b7105d754a06378d81259,Photography Studio,554a5e17498efabeda6cc559,,,,,,
Shop & Service,4d4b7105d754a06378d81259,Piercing Parlor,52f2ab2ebcbc57f1066b8b20,,,,,,
Shop & Service,4d4b7105d754a06378d81259,Pop-Up Shop,52f2ab2ebcbc57f1066b8b3d,,,,,,
Shop & Service,4d4b7105d754a06378d81259,Print Shop,52f2ab2ebcbc57f1066b8b28,,,,,,
Shop & Service,4d4b7105d754a06378d81259,Public Bathroom,5744ccdfe4b0c0459246b4c4,,,,,,
Shop & Service,4d4b7105d754a06378d81259,Real Estate Office,5032885091d4c4b30a586d66,,,,,,
Shop & Service,4d4b7105d754a06378d81259,Record Shop,4bf58dd8d48988d10d951735,,,,,,
Shop & Service,4d4b7105d754a06378d81259,Recording Studio,52f2ab2ebcbc57f1066b8b37,,,,,,
Shop & Service,4d4b7105d754a06378d81259,Recycling Facility,4f4531084b9074f6e4fb0101,,,,,,
Shop & Service,4d4b7105d754a06378d81259,Rental Service,56aa371be4b08b9a8d573552,,,,,,
Shop & Service,4d4b7105d754a06378d81259,Salon / Barbershop,4bf58dd8d48988d110951735,,,,,,
Shop & Service,4d4b7105d754a06378d81259,Sauna / Steam Room,58daa1558bbb0b01f18ec1ae,,,,,,
Shop & Service,4d4b7105d754a06378d81259,Shipping Store,52f2ab2ebcbc57f1066b8b1f,,,,,,
Shop & Service,4d4b7105d754a06378d81259,Shoe Repair,52f2ab2ebcbc57f1066b8b39,,,,,,
Shop & Service,4d4b7105d754a06378d81259,Shopping Mall,4bf58dd8d48988d1fd941735,,,,,,
Shop & Service,4d4b7105d754a06378d81259,Mall,4bf58dd8d48988d1fd941735,,,,,,
Shop & Service,4d4b7105d754a06378d81259,Shopping Plaza,5744ccdfe4b0c0459246b4dc,,,,,,
Shop & Service,4d4b7105d754a06378d81259,Skate Shop,5bae9231bedf3950379f89d2,,,,,,
Shop & Service,4d4b7105d754a06378d81259,Ski Shop,56aa371be4b08b9a8d573566,,,,,,
Shop & Service,4d4b7105d754a06378d81259,Smoke Shop,4bf58dd8d48988d123951735,,,,,,
Shop & Service,4d4b7105d754a06378d81259,Smoothie Shop,52f2ab2ebcbc57f1066b8b41,,,,,,
Shop & Service,4d4b7105d754a06378d81259,Souvenir Shop,52f2ab2ebcbc57f1066b8b1b,,,,,,
Shop & Service,4d4b7105d754a06378d81259,Spa,4bf58dd8d48988d1ed941735,,,,,,
Shop & Service,4d4b7105d754a06378d81259,Spa / Massage,4bf58dd8d48988d1ed941735,,,,,,
Shop & Service,4d4b7105d754a06378d81259,Sporting Goods Shop,4bf58dd8d48988d1f2941735,,,,,,
Shop & Service,4d4b7105d754a06378d81259,Stationery Store,52f2ab2ebcbc57f1066b8b21,,,,,,
Shop & Service,4d4b7105d754a06378d81259,Storage Facility,4f04b1572fb6e1c99f3db0bf,,,,,,
Shop & Service,4d4b7105d754a06378d81259,Supplement Shop,5744ccdfe4b0c0459246b4cd,,,,,,
Shop & Service,4d4b7105d754a06378d81259,Tailor Shop,5032781d91d4c4b30a586d5b,,,,,,
Shop & Service,4d4b7105d754a06378d81259,Tanning Salon,4d1cf8421a97d635ce361c31,,,,,,
Shop & Service,4d4b7105d754a06378d81259,Tattoo Parlor,4bf58dd8d48988d1de931735,,,,,,
Shop & Service,4d4b7105d754a06378d81259,Thrift / Vintage Store,4bf58dd8d48988d101951735,,,,,,
Shop & Service,4d4b7105d754a06378d81259,Toy / Game Store,4bf58dd8d48988d1f3941735,,,,,,
Shop & Service,4d4b7105d754a06378d81259,Travel Agency,4f04b08c2fb6e1c99f3db0bd,,,,,,
Shop & Service,4d4b7105d754a06378d81259,Used Bookstore,52f2ab2ebcbc57f1066b8b30,,,,,,
Shop & Service,4d4b7105d754a06378d81259,Vape Store,56aa371be4b08b9a8d57355c,,,,,,
Shop & Service,4d4b7105d754a06378d81259,Video Game Store,4bf58dd8d48988d10b951735,,,,,,
Shop & Service,4d4b7105d754a06378d81259,Video Store,4bf58dd8d48988d126951735,,,,,,
Shop & Service,4d4b7105d754a06378d81259,Warehouse Store,52e816a6bcbc57f1066b7a54,,,,,,
Shop & Service,4d4b7105d754a06378d81259,Watch Shop,52f2ab2ebcbc57f1066b8b2e,,,,,,
Travel & Transport,4d4b7105d754a06379d81259,Travel & Transport,4d4b7105d754a06379d81259,,,,,,
Travel & Transport,4d4b7105d754a06379d81259,Airport,4bf58dd8d48988d1ed931735,Airport Food Court,4bf58dd8d48988d1ef931735,,,,
Travel & Transport,4d4b7105d754a06379d81259,Airport,4bf58dd8d48988d1ed931735,Airport Gate,4bf58dd8d48988d1f0931735,,,,
Travel & Transport,4d4b7105d754a06379d81259,Airport,4bf58dd8d48988d1ed931735,Airport Lounge,4eb1bc533b7b2c5b1d4306cb,,,,
Travel & Transport,4d4b7105d754a06379d81259,Airport,4bf58dd8d48988d1ed931735,Airport Service,56aa371be4b08b9a8d57352f,,,,
Travel & Transport,4d4b7105d754a06379d81259,Airport,4bf58dd8d48988d1ed931735,Airport Terminal,4bf58dd8d48988d1eb931735,,,,
Travel & Transport,4d4b7105d754a06379d81259,Airport,4bf58dd8d48988d1ed931735,Airport Tram,4bf58dd8d48988d1ec931735,,,,
Travel & Transport,4d4b7105d754a06379d81259,Airport,4bf58dd8d48988d1ed931735,Baggage Claim,5744ccdfe4b0c0459246b4e5,,,,
Travel & Transport,4d4b7105d754a06379d81259,Airport,4bf58dd8d48988d1ed931735,Plane,4bf58dd8d48988d1f7931735,,,,
Travel & Transport,4d4b7105d754a06379d81259,Baggage Locker,5744ccdfe4b0c0459246b4e8,,,,,,
Travel & Transport,4d4b7105d754a06379d81259,Bike Rental / Bike Share,4e4c9077bd41f78e849722f9,,,,,,
Travel & Transport,4d4b7105d754a06379d81259,Boat Rental,5744ccdfe4b0c0459246b4c1,,,,,,
Travel & Transport,4d4b7105d754a06379d81259,Boat or Ferry,4bf58dd8d48988d12d951735,,,,,,
Travel & Transport,4d4b7105d754a06379d81259,Ferry,4bf58dd8d48988d12d951735,,,,,,
Travel & Transport,4d4b7105d754a06379d81259,Border Crossing,52f2ab2ebcbc57f1066b8b4b,,,,,,
Travel & Transport,4d4b7105d754a06379d81259,Bus Station,4bf58dd8d48988d1fe931735,Bus Line,4bf58dd8d48988d12b951735,,,,
Travel & Transport,4d4b7105d754a06379d81259,Bus Stop,52f2ab2ebcbc57f1066b8b4f,,,,,,
Travel & Transport,4d4b7105d754a06379d81259,Cable Car,52f2ab2ebcbc57f1066b8b50,,,,,,
Travel & Transport,4d4b7105d754a06379d81259,Cruise,55077a22498e5e9248869ba2,,,,,,
Travel & Transport,4d4b7105d754a06379d81259,Duty-free Shop,589ddde98ae3635c072819ee,,,,,,
Travel & Transport,4d4b7105d754a06379d81259,General Travel,4bf58dd8d48988d1f6931735,,,,,,
Travel & Transport,4d4b7105d754a06379d81259,Heliport,56aa371ce4b08b9a8d57356e,,,,,,
Travel & Transport,4d4b7105d754a06379d81259,Hotel,4bf58dd8d48988d1fa931735,Bed & Breakfast,4bf58dd8d48988d1f8931735,,,,
Travel & Transport,4d4b7105d754a06379d81259,Hotel,4bf58dd8d48988d1fa931735,Boarding House,4f4530a74b9074f6e4fb0100,,,,
Travel & Transport,4d4b7105d754a06379d81259,Hotel,4bf58dd8d48988d1fa931735,Hostel,4bf58dd8d48988d1ee931735,,,,
Travel & Transport,4d4b7105d754a06379d81259,Hotel,4bf58dd8d48988d1fa931735,Hotel Pool,4bf58dd8d48988d132951735,,,,
Travel & Transport,4d4b7105d754a06379d81259,Hotel,4bf58dd8d48988d1fa931735,Inn,5bae9231bedf3950379f89cb,,,,
Travel & Transport,4d4b7105d754a06379d81259,Hotel,4bf58dd8d48988d1fa931735,Motel,4bf58dd8d48988d1fb931735,,,,
Travel & Transport,4d4b7105d754a06379d81259,Hotel,4bf58dd8d48988d1fa931735,Resort,4bf58dd8d48988d12f951735,,,,
Travel & Transport,4d4b7105d754a06379d81259,Hotel,4bf58dd8d48988d1fa931735,Vacation Rental,56aa371be4b08b9a8d5734e1,,,,
Travel & Transport,4d4b7105d754a06379d81259,Intersection,52f2ab2ebcbc57f1066b8b4c,,,,,,
Travel & Transport,4d4b7105d754a06379d81259,Light Rail Station,4bf58dd8d48988d1fc931735,,,,,,
Travel & Transport,4d4b7105d754a06379d81259,Light Rail,4bf58dd8d48988d1fc931735,,,,,,
Travel & Transport,4d4b7105d754a06379d81259,Metro Station,4bf58dd8d48988d1fd931735,,,,,,
Travel & Transport,4d4b7105d754a06379d81259,Subway,4bf58dd8d48988d1fd931735,,,,,,
Travel & Transport,4d4b7105d754a06379d81259,Moving Target,4f2a23984b9023bd5841ed2c,,,,,,
Travel & Transport,4d4b7105d754a06379d81259,Pier,4e74f6cabd41c4836eac4c31,,,,,,
Travel & Transport,4d4b7105d754a06379d81259,Port,56aa371be4b08b9a8d57353e,,,,,,
Travel & Transport,4d4b7105d754a06379d81259,RV Park,52f2ab2ebcbc57f1066b8b53,,,,,,
Travel & Transport,4d4b7105d754a06379d81259,Rental Car Location,4bf58dd8d48988d1ef941735,,,,,,
Travel & Transport,4d4b7105d754a06379d81259,Rest Area,4d954b16a243a5684b65b473,,,,,,
Travel & Transport,4d4b7105d754a06379d81259,Road,4bf58dd8d48988d1f9931735,,,,,,
Travel & Transport,4d4b7105d754a06379d81259,Taxi Stand,53fca564498e1a175f32528b,,,,,,
Travel & Transport,4d4b7105d754a06379d81259,Taxi,4bf58dd8d48988d130951735,,,,,,
Travel & Transport,4d4b7105d754a06379d81259,Toll Booth,52f2ab2ebcbc57f1066b8b4d,,,,,,
Travel & Transport,4d4b7105d754a06379d81259,Toll Plaza,52f2ab2ebcbc57f1066b8b4e,,,,,,
Travel & Transport,4d4b7105d754a06379d81259,Tourist Information Center,4f4530164b9074f6e4fb00ff,,,,,,
Travel & Transport,4d4b7105d754a06379d81259,Train Station,4bf58dd8d48988d129951735,Platform,4f4531504b9074f6e4fb0102,,,,
Travel & Transport,4d4b7105d754a06379d81259,Train Station,4bf58dd8d48988d129951735,Train,4bf58dd8d48988d12a951735,,,,
Travel & Transport,4d4b7105d754a06379d81259,Tram Station,52f2ab2ebcbc57f1066b8b51,,,,,,
Travel & Transport,4d4b7105d754a06379d81259,Transportation Service,54541b70498ea6ccd0204bff,,,,,,
Travel & Transport,4d4b7105d754a06379d81259,Travel Lounge,4f04b25d2fb6e1c99f3db0c0,,,,,,
Travel & Transport,4d4b7105d754a06379d81259,Tunnel,52f2ab2ebcbc57f1066b8b4a,,,,,,
